;Result;Date;Venue;Poss;age;Formation;SoT;Dist;Cmp%;Int;Fls;value;opp_Formation;opp_value;Mois
0;W;2021-08-21;Away;52.0;24.5;3-4-3;2.0;14.9;72.1;8.0;13.0;398.75;3-4-3;223.4;08
1;D;2021-08-28;Home;59.0;24.5;3-4-3;3.0;20.0;79.4;9.0;11.0;398.75;4-3-3;186.2;08
2;L;2021-09-11;Home;55.0;24.5;3-4-3;4.0;10.7;83.5;8.0;13.0;398.75;4-3-3;325.8;09
3;D;2021-09-14;Away;52.0;24.5;3-4-3;4.0;19.6;78.2;14.0;11.0;398.75;;;09
4;W;2021-09-18;Away;58.0;24.5;3-4-3;3.0;15.6;82.9;13.0;13.0;398.75;3-4-1-2;70.56;09
5;W;2021-09-21;Home;48.0;24.5;3-4-1-2;5.0;16.9;80.4;9.0;16.0;398.75;4-1-4-1;251.0;09
6;D;2021-09-25;Away;51.0;24.5;3-4-1-2;5.0;15.2;78.0;18.0;11.0;398.75;;;09
7;W;2021-09-29;Home;64.0;24.5;3-4-3;7.0;13.9;85.2;15.0;10.0;398.75;;;09
8;L;2021-10-03;Home;56.0;24.5;3-4-1-2;4.0;17.9;80.0;8.0;13.0;398.75;4-2-3-1;546.95;10
9;W;2021-10-17;Away;52.0;24.5;3-4-1-2;7.0;17.6;80.2;15.0;16.0;398.75;4-3-3;126.5;10
10;L;2021-10-20;Away;44.0;24.5;3-4-1-2;6.0;19.6;76.9;13.0;12.0;398.75;;;10
11;D;2021-10-24;Home;68.0;24.5;3-4-3;3.0;21.0;83.7;9.0;15.0;398.75;5-4-1;142.3;10
12;W;2021-10-27;Away;59.0;24.5;3-4-3;4.0;15.0;79.5;11.0;19.0;398.75;4-3-3;128.55;10
13;D;2021-10-30;Home;57.0;24.5;3-4-3;3.0;17.0;81.9;6.0;13.0;398.75;4-3-3;264.48;10
14;D;2021-11-02;Home;47.0;24.5;3-4-1-2;4.0;18.0;82.3;17.0;11.0;398.75;;;11
15;W;2021-11-06;Away;62.0;24.5;3-4-3;8.0;14.2;83.6;14.0;9.0;398.75;4-4-2;134.53;11
16;W;2021-11-20;Home;51.0;24.5;3-4-3;8.0;19.1;83.6;13.0;10.0;398.75;3-5-1-1;78.5;11
17;D;2021-11-23;Away;41.0;24.5;3-4-1-2;5.0;18.9;75.8;8.0;16.0;398.75;;;11
18;W;2021-11-27;Away;41.0;24.5;3-4-3;1.0;18.6;74.8;14.0;20.0;398.75;4-4-2;642.5;11
19;W;2021-11-30;Home;58.0;24.5;3-4-3;6.0;15.7;86.4;11.0;11.0;398.75;4-3-1-2;80.98;11
20;W;2021-12-04;Away;45.0;24.5;3-4-3;7.0;16.0;82.0;10.0;18.0;398.75;3-4-3;477.23;12
21;L;2021-12-09;Home;64.0;24.5;3-4-1-2;5.0;17.8;79.2;7.0;8.0;398.75;;;12
22;W;2021-12-12;Away;48.0;24.5;3-4-3;6.0;18.2;66.3;15.0;10.0;398.75;;;12
23;L;2021-12-18;Home;71.0;24.5;3-4-3;6.0;18.0;85.0;9.0;11.0;398.75;3-5-2;381.25;12
24;D;2021-12-21;Away;67.0;24.5;3-4-3;3.0;17.5;75.6;19.0;15.0;398.75;3-5-2;121.28;12
25;W;2022-01-09;Away;60.0;24.5;3-4-3;7.0;15.4;83.7;14.0;12.0;398.75;5-4-1;142.3;01
26;W;2022-01-12;Home;54.0;24.5;3-4-3;7.0;;;7.0;11.0;398.75;3-4-3;80.98;01
27;D;2022-01-16;Home;37.0;24.5;4-3-3;6.0;15.0;74.3;20.0;12.0;398.75;;;01
28;D;2022-01-22;Away;39.0;24.5;3-4-1-2;2.0;18.2;82.0;15.0;17.0;398.75;4-3-3;264.48;01
29;L;2022-02-06;Home;61.0;24.5;4-2-3-1;3.0;18.1;81.8;11.0;13.0;398.75;3-1-4-2;134.53;02
30;L;2022-02-10;Home;49.0;24.5;3-4-1-2;2.0;;;8.0;11.0;398.75;4-3-3;325.8;02
31;D;2022-02-13;Home;52.0;24.5;3-4-1-2;3.0;17.5;80.9;16.0;13.0;398.75;4-3-3;642.5;02
32;W;2022-02-17;Home;72.0;24.5;3-4-3;5.0;15.2;82.1;8.0;9.0;398.75;;;02
33;L;2022-02-20;Away;50.0;24.5;3-4-1-2;1.0;18.9;79.0;11.0;20.0;398.75;4-3-3;325.8;02
34;W;2022-02-24;Away;47.0;24.5;3-4-3;4.0;19.5;77.7;9.0;17.0;398.75;;;02
35;W;2022-02-28;Home;56.0;24.5;4-2-3-1;9.0;16.6;84.3;17.0;16.0;398.75;3-4-1-2;128.55;02
36;L;2022-03-05;Away;65.0;24.5;4-2-3-1;4.0;15.6;83.5;7.0;16.0;398.75;3-4-1-2;381.25;03
37;W;2022-03-10;Home;46.0;24.5;3-4-1-2;9.0;16.2;76.2;16.0;7.0;398.75;;;03
38;D;2022-03-13;Home;58.0;24.5;3-4-1-2;2.0;15.1;71.4;14.0;13.0;398.75;4-2-3-1;121.28;03
39;W;2022-03-17;Away;37.0;24.5;3-4-3;3.0;18.1;71.1;20.0;12.0;398.75;;;03
40;W;2022-03-20;Away;40.0;24.5;3-4-3;2.0;17.8;69.4;23.0;12.0;398.75;3-4-3;186.2;03
41;L;2022-04-03;Home;55.0;24.5;3-4-1-2;3.0;15.8;83.8;13.0;15.0;398.75;4-2-3-1;477.23;04
42;D;2022-04-07;Away;44.0;24.5;4-2-3-1;4.0;15.9;78.1;11.0;11.0;398.75;;;04
43;L;2022-04-10;Away;50.0;24.5;3-4-3;4.0;14.2;82.8;9.0;14.0;398.75;4-2-3-1;251.0;04
44;L;2022-04-14;Home;57.0;24.5;3-4-3;3.0;17.0;81.2;9.0;12.0;398.75;;;04
45;L;2022-04-18;Home;56.0;24.5;3-4-3;4.0;15.4;76.5;8.0;13.0;398.75;;;04
46;W;2022-04-23;Away;60.0;24.5;3-4-1-2;4.0;12.0;82.0;11.0;13.0;398.75;4-3-3;80.98;04
47;D;2022-04-27;Home;49.0;24.5;3-4-3;3.0;16.9;76.8;5.0;12.0;398.75;3-4-3;223.4;04
48;D;2022-05-02;Home;62.0;24.5;3-4-3;5.0;17.5;80.9;4.0;13.0;398.75;3-5-2;70.56;05
49;W;2022-05-08;Away;65.0;24.5;3-4-3;6.0;17.7;84.3;6.0;12.0;398.75;4-4-2;78.5;05
50;L;2022-05-15;Away;54.0;24.5;3-4-3;2.0;16.7;82.0;7.0;14.0;398.75;4-2-3-1;546.95;05
51;L;2022-05-21;Home;62.0;24.5;3-4-1-2;9.0;16.5;83.9;11.0;6.0;398.75;4-3-1-2;126.5;05
52;L;2021-08-16;Home;64.0;23.7;4-2-3-1;11.0;;;17.0;14.0;186.2;;;08
53;W;2021-08-22;Home;71.0;23.7;4-2-3-1;7.0;17.5;82.1;6.0;13.0;186.2;3-5-2;70.56;08
54;D;2021-08-28;Away;41.0;23.7;4-3-3;1.0;15.4;69.6;14.0;14.0;186.2;3-4-3;398.75;08
55;W;2021-09-13;Home;43.0;23.7;4-2-3-1;3.0;17.3;71.6;15.0;14.0;186.2;;;09
56;L;2021-09-18;Away;55.0;23.7;4-2-3-1;2.0;15.5;86.9;5.0;10.0;186.2;;;09
57;D;2021-09-21;Home;60.0;23.7;4-2-3-1;4.0;15.3;82.1;5.0;14.0;186.2;4-2-3-1;121.28;09
58;L;2021-09-26;Away;63.0;23.7;4-2-3-1;5.0;15.9;81.5;6.0;22.0;186.2;4-3-1-2;126.5;09
59;W;2021-10-03;Home;41.0;23.7;3-4-3;3.0;18.5;80.3;15.0;5.0;186.2;4-3-3;264.48;10
60;D;2021-10-17;Away;59.0;23.7;3-4-3;11.0;20.2;86.5;8.0;11.0;186.2;3-5-2;142.3;10
61;L;2021-10-23;Home;37.0;23.7;3-4-3;4.0;14.5;78.2;3.0;7.0;186.2;4-2-3-1;546.95;10
62;L;2021-10-28;Away;35.0;23.7;3-4-3;1.0;23.2;81.9;6.0;5.0;186.2;4-2-3-1;477.23;10
63;W;2021-11-01;Home;57.0;23.7;3-4-3;3.0;20.7;86.3;5.0;11.0;186.2;5-3-2;134.53;11
64;W;2021-11-07;Away;53.0;23.7;3-4-3;6.0;16.9;78.0;10.0;12.0;186.2;4-4-2;128.55;11
65;L;2021-11-21;Home;67.0;23.7;3-4-3;6.0;19.7;84.0;7.0;6.0;186.2;4-3-1-2;80.98;11
66;W;2021-11-28;Away;57.0;23.7;3-4-3;4.0;18.3;83.0;14.0;12.0;186.2;4-3-3;78.5;11
67;W;2021-12-01;Home;43.0;23.7;3-4-3;3.0;25.3;77.9;13.0;9.0;186.2;3-1-4-2;381.25;12
68;L;2021-12-05;Home;37.0;23.7;5-3-2;4.0;18.7;77.5;5.0;12.0;186.2;4-3-3;325.8;12
69;L;2021-12-12;Away;51.0;23.7;3-4-3;4.0;25.4;76.4;9.0;18.0;186.2;3-4-3;223.4;12
70;L;2021-12-18;Home;57.0;23.7;3-1-4-2;3.0;19.9;81.3;14.0;7.0;186.2;4-3-3;642.5;12
71;W;2021-12-22;Away;40.0;23.7;3-5-2;5.0;16.6;78.2;13.0;12.0;186.2;4-3-3;251.0;12
72;L;2022-01-11;Away;48.0;23.7;3-1-4-2;3.0;18.3;67.6;15.0;15.0;186.2;3-5-2;134.53;01
73;L;2022-01-17;Home;39.0;23.7;3-1-4-2;5.0;17.6;79.1;13.0;9.0;186.2;4-2-3-1;477.23;01
74;L;2022-01-21;Away;44.0;23.7;5-3-2;2.0;21.0;64.0;16.0;9.0;186.2;;;01
75;D;2022-02-06;Home;60.0;23.7;3-4-1-2;2.0;19.1;79.8;14.0;10.0;186.2;4-3-2-1;126.5;02
76;L;2022-02-12;Away;44.0;23.7;3-5-2;3.0;16.3;85.1;7.0;16.0;186.2;4-3-3;264.48;02
77;W;2022-02-21;Home;61.0;23.7;3-4-3;7.0;19.0;78.9;9.0;7.0;186.2;4-2-3-1;78.5;02
78;D;2022-02-26;Away;44.0;23.7;3-4-3;3.0;22.5;73.5;6.0;25.0;186.2;4-2-3-1;70.56;02
79;D;2022-03-06;Home;51.0;23.7;3-4-3;1.0;20.3;70.7;5.0;23.0;186.2;3-4-3;223.4;03
80;L;2022-03-13;Away;39.0;23.7;3-4-3;0.0;15.0;70.4;7.0;16.0;186.2;4-3-3;325.8;03
81;L;2022-03-20;Home;60.0;23.7;3-4-3;3.0;17.4;76.0;10.0;9.0;186.2;3-4-3;398.75;03
82;D;2022-04-04;Away;47.0;23.7;3-5-2;4.0;23.1;76.8;17.0;7.0;186.2;4-2-3-1;546.95;04
83;W;2022-04-11;Home;52.0;23.7;3-5-2;4.0;18.1;80.9;11.0;11.0;186.2;4-1-3-2;128.55;04
84;D;2022-04-16;Away;49.0;23.7;3-5-2;2.0;21.9;81.5;12.0;11.0;186.2;4-3-3;642.5;04
85;D;2022-04-24;Home;55.0;23.7;3-5-2;3.0;17.2;79.8;5.0;9.0;186.2;3-5-2;142.3;04
86;W;2022-04-27;Home;41.0;23.7;3-5-2;3.0;13.9;82.8;6.0;11.0;186.2;;;04
87;D;2022-05-01;Away;57.0;23.7;3-1-4-2;4.0;15.6;80.3;7.0;9.0;186.2;3-4-3;381.25;05
88;L;2022-05-08;Away;60.0;23.7;3-5-2;10.0;15.5;81.3;19.0;13.0;186.2;3-4-3;80.98;05
89;L;2022-05-15;Home;55.0;23.7;3-5-2;1.0;15.9;81.1;9.0;9.0;186.2;4-2-3-1;251.0;05
90;W;2022-05-21;Away;50.0;23.7;3-5-2;4.0;12.4;71.9;10.0;10.0;186.2;4-2-3-1;121.28;05
91;W;2021-08-15;Home;50.0;24.5;4-3-1-2;4.0;;;0.0;0.0;126.5;;;08
92;L;2021-08-21;Home;46.0;24.5;4-1-2-1-2◆;3.0;17.7;80.8;12.0;13.0;126.5;4-3-3;264.48;08
93;W;2021-08-28;Away;46.0;24.5;4-3-1-2;3.0;17.4;71.8;5.0;6.0;126.5;4-3-1-2;642.5;08
94;L;2021-09-11;Home;68.0;24.5;4-1-3-2;5.0;19.3;81.2;9.0;12.0;126.5;4-3-3;80.98;09
95;L;2021-09-19;Home;54.0;24.5;4-3-1-2;4.0;19.5;73.8;9.0;10.0;126.5;4-4-2;128.55;09
96;W;2021-09-22;Away;50.0;24.5;4-3-1-2;5.0;21.6;78.0;9.0;13.0;126.5;3-5-2;134.53;09
97;W;2021-09-26;Home;37.0;24.5;4-3-1-2;6.0;17.2;73.3;11.0;15.0;126.5;4-2-3-1;186.2;09
98;L;2021-10-03;Away;37.0;24.5;4-3-1-2;3.0;19.2;80.2;8.0;15.0;126.5;4-2-3-1;381.25;10
99;L;2021-10-17;Home;48.0;24.5;4-3-3;4.0;19.2;75.6;14.0;10.0;126.5;3-4-1-2;398.75;10
100;W;2021-10-23;Away;40.0;24.5;4-3-1-2;4.0;16.7;74.4;16.0;16.0;126.5;3-4-1-2;70.56;10
101;L;2021-10-27;Home;31.0;24.5;4-3-1-2;2.0;18.0;74.8;6.0;20.0;126.5;;;10
102;W;2021-10-31;Away;43.0;24.5;4-3-1-2;4.0;19.3;77.8;11.0;12.0;126.5;4-3-3;251.0;10
103;D;2021-11-05;Home;53.0;24.5;4-3-1-2;2.0;17.5;73.1;8.0;8.0;126.5;3-4-1-2;121.28;11
104;L;2021-11-22;Away;43.0;24.5;4-3-1-2;4.0;17.7;66.3;10.0;13.0;126.5;;;11
105;W;2021-11-27;Home;51.0;24.5;4-3-1-2;5.0;17.7;77.7;16.0;15.0;126.5;4-3-3;325.8;11
106;D;2021-12-02;Away;59.0;24.5;4-3-1-2;5.0;19.2;76.6;5.0;15.0;126.5;3-4-3;223.4;12
107;W;2021-12-06;Home;58.0;24.5;4-3-1-2;8.0;16.0;81.8;5.0;12.0;126.5;4-4-2;142.3;12
108;W;2021-12-12;Away;40.0;24.5;4-3-1-2;5.0;19.2;80.2;8.0;11.0;126.5;4-2-3-1;477.23;12
109;W;2021-12-15;Away;50.0;24.5;4-3-1-2;10.0;;;10.0;11.0;126.5;;;12
110;D;2021-12-19;Away;65.0;24.5;4-3-1-2;6.0;16.3;82.7;2.0;9.0;126.5;3-5-2;78.5;12
111;L;2021-12-22;Home;55.0;24.5;4-3-1-2;4.0;17.5;78.9;9.0;18.0;126.5;4-2-3-1;546.95;12
112;D;2022-01-06;Away;38.0;24.5;4-3-1-2;3.0;20.9;75.0;10.0;11.0;126.5;4-3-3;264.48;01
113;L;2022-01-09;Home;45.0;24.5;4-3-1-2;4.0;14.0;82.4;12.0;10.0;126.5;4-2-3-1;251.0;01
114;D;2022-01-16;Away;50.0;24.5;4-3-2-1;6.0;17.6;78.2;13.0;16.0;126.5;4-3-2-1;80.98;01
115;L;2022-01-19;Away;43.0;24.5;4-3-1-2;5.0;;;16.0;16.0;126.5;;;01
116;L;2022-01-23;Home;58.0;24.5;4-3-2-1;7.0;18.1;82.1;16.0;14.0;126.5;3-4-1-2;381.25;01
117;D;2022-02-06;Away;40.0;24.5;4-3-2-1;4.0;17.3;71.4;9.0;15.0;126.5;3-4-1-2;186.2;02
118;D;2022-02-13;Home;46.0;24.5;4-3-1-2;5.0;25.0;67.4;6.0;15.0;126.5;3-1-4-2;134.53;02
119;L;2022-02-19;Away;58.0;24.5;4-3-1-2;2.0;17.1;79.9;10.0;12.0;126.5;4-3-1-2;128.55;02
120;L;2022-02-26;Home;53.0;24.5;4-3-1-2;2.0;13.6;78.9;9.0;16.0;126.5;4-4-2;642.5;02
121;D;2022-03-06;Away;48.0;24.5;4-3-2-1;2.0;24.2;63.2;5.0;19.0;126.5;4-2-3-1;121.28;03
122;L;2022-03-12;Away;47.0;24.5;4-3-2-1;2.0;19.5;80.4;4.0;12.0;126.5;4-2-3-1;546.95;03
123;D;2022-03-20;Home;37.0;24.5;4-3-2-1;2.0;20.4;62.3;13.0;17.0;126.5;;;03
124;L;2022-04-03;Away;38.0;24.5;4-3-1-2;1.0;22.9;79.8;3.0;20.0;126.5;4-3-3;325.8;04
125;D;2022-04-09;Home;58.0;24.5;4-3-1-2;4.0;16.1;73.6;6.0;11.0;126.5;4-2-3-1;78.5;04
126;L;2022-04-16;Away;60.0;24.5;4-3-1-2;3.0;18.4;79.0;10.0;13.0;126.5;3-5-2;142.3;04
127;W;2022-04-24;Home;41.0;24.5;4-3-1-2;7.0;17.5;75.1;15.0;14.0;126.5;4-2-3-1;477.23;04
128;L;2022-05-01;Home;40.0;24.5;4-3-1-2;4.0;24.7;70.0;14.0;14.0;126.5;3-4-3;223.4;05
129;L;2022-05-06;Away;36.0;24.5;4-3-1-2;2.0;19.1;78.1;6.0;9.0;126.5;;;05
130;D;2022-05-14;Home;46.0;24.5;4-3-1-2;6.0;17.5;78.0;6.0;18.0;126.5;3-5-1-1;70.56;05
131;W;2022-05-21;Away;38.0;24.5;4-3-1-2;3.0;24.2;78.4;12.0;7.0;126.5;3-4-1-2;398.75;05
132;W;2021-08-13;Home;81.0;25.4;4-3-3;13.0;;;11.0;11.0;325.8;;;08
133;L;2021-08-22;Away;58.0;25.4;4-3-3;8.0;17.3;87.6;13.0;15.0;325.8;4-2-3-1;381.25;08
134;W;2021-08-28;Home;58.0;25.4;4-3-3;6.0;17.8;78.7;6.0;13.0;325.8;3-4-1-2;223.4;08
135;W;2021-09-11;Away;45.0;25.4;4-3-3;0.0;21.2;81.5;6.0;19.0;325.8;3-4-3;398.75;09
136;W;2021-09-18;Away;64.0;25.4;4-3-3;5.0;18.6;85.4;4.0;16.0;325.8;4-2-3-1;121.28;09
137;L;2021-09-21;Home;53.0;25.4;4-3-3;6.0;21.1;85.5;13.0;11.0;325.8;;;09
138;W;2021-09-26;Away;54.0;25.4;4-3-3;1.0;22.9;85.1;5.0;11.0;325.8;3-5-2;142.3;09
139;L;2021-10-03;Home;54.0;25.4;4-4-2;3.0;17.6;81.5;4.0;16.0;325.8;4-2-3-1;477.23;10
140;L;2021-10-18;Away;61.0;25.4;4-3-3;2.0;21.7;84.9;9.0;11.0;325.8;4-3-2-1;80.98;10
141;W;2021-10-24;Home;65.0;25.4;4-3-3;4.0;20.9;87.7;4.0;11.0;325.8;4-4-2;134.53;10
142;L;2021-10-27;Away;51.0;25.4;4-3-3;1.0;13.5;83.6;6.0;11.0;325.8;4-3-3;264.48;10
143;W;2021-10-31;Home;55.0;25.4;4-3-3;11.0;17.7;83.9;7.0;9.0;325.8;4-2-3-1;78.5;10
144;L;2021-11-06;Away;50.0;25.4;4-3-3;1.0;12.4;76.7;5.0;16.0;325.8;4-4-2;642.5;11
145;W;2021-11-20;Home;45.0;25.4;4-3-3;5.0;14.7;80.8;7.0;6.0;325.8;4-2-3-1;546.95;11
146;L;2021-11-27;Away;49.0;25.4;4-3-3;7.0;16.5;79.9;8.0;10.0;325.8;4-3-1-2;126.5;11
147;W;2021-11-30;Home;60.0;25.4;4-3-3;7.0;17.4;86.0;3.0;6.0;325.8;4-4-2;128.55;11
148;W;2021-12-05;Away;63.0;25.4;4-3-3;2.0;22.7;84.5;5.0;15.0;325.8;5-3-2;186.2;12
149;W;2021-12-11;Home;69.0;25.4;4-3-3;9.0;13.4;88.5;6.0;9.0;325.8;4-4-1-1;70.56;12
150;W;2021-12-15;Home;66.0;25.4;4-3-3;7.0;;;5.0;11.0;325.8;;;12
151;D;2021-12-19;Home;57.0;25.4;4-3-3;7.0;13.5;84.1;10.0;7.0;325.8;4-2-3-1;251.0;12
152;D;2021-12-22;Away;60.0;25.4;4-3-3;1.0;15.0;76.8;9.0;5.0;325.8;;;12
153;L;2022-01-10;Away;55.0;25.4;4-3-3;3.0;18.0;77.8;3.0;12.0;325.8;3-4-3;223.4;01
154;W;2022-01-13;Away;52.0;25.4;4-3-3;8.0;;;13.0;12.0;325.8;4-2-3-1;477.23;01
155;W;2022-01-17;Home;73.0;25.4;4-3-3;11.0;17.5;90.4;8.0;10.0;325.8;4-3-1-2;121.28;01
156;D;2022-01-23;Away;59.0;25.4;4-3-3;5.0;18.2;76.4;5.0;16.0;325.8;3-5-2;134.53;01
157;L;2022-02-05;Home;50.0;25.4;4-3-3;3.0;17.4;84.2;11.0;13.0;325.8;4-3-3;264.48;02
158;W;2022-02-10;Away;51.0;25.4;4-3-3;7.0;;;3.0;9.0;325.8;3-4-1-2;398.75;02
159;W;2022-02-14;Away;66.0;25.4;4-3-3;4.0;22.2;80.7;5.0;10.0;325.8;4-2-3-1;78.5;02
160;W;2022-02-20;Home;50.0;25.4;4-3-3;3.0;15.1;81.3;8.0;17.0;325.8;3-4-1-2;398.75;02
161;L;2022-02-26;Away;50.0;25.4;4-3-3;6.0;15.5;78.1;8.0;12.0;325.8;4-2-3-1;251.0;02
162;L;2022-03-02;Home;55.0;25.4;4-3-3;6.0;;;5.0;16.0;325.8;3-5-2;642.5;03
163;D;2022-03-06;Home;50.0;25.4;4-3-3;2.0;12.3;75.7;9.0;15.0;325.8;;;03
164;W;2022-03-13;Home;61.0;25.4;4-3-3;5.0;16.2;79.4;6.0;9.0;325.8;3-4-3;186.2;03
165;D;2022-03-19;Away;49.0;25.4;4-3-3;4.0;18.5;81.7;4.0;12.0;325.8;;;03
166;W;2022-04-03;Home;62.0;25.4;4-3-3;11.0;17.0;87.8;6.0;10.0;325.8;4-3-1-2;126.5;04
167;W;2022-04-10;Away;50.0;25.4;4-3-3;4.0;19.0;83.9;8.0;17.0;325.8;4-3-3;477.23;04
168;W;2022-04-16;Home;69.0;25.4;4-3-3;5.0;14.2;87.5;4.0;15.0;325.8;4-3-3;80.98;04
169;L;2022-04-20;Away;68.0;25.4;4-3-3;5.0;;;8.0;12.0;325.8;4-4-2;642.5;04
170;L;2022-04-24;Away;72.0;25.4;4-3-3;3.0;12.3;83.3;4.0;12.0;325.8;3-5-2;70.56;04
171;L;2022-04-27;Home;72.0;25.4;4-3-3;7.0;12.8;81.7;5.0;12.0;325.8;3-5-2;142.3;04
172;L;2022-05-01;Away;51.0;25.4;4-3-3;2.0;16.8;79.2;4.0;17.0;325.8;4-2-3-1;546.95;05
173;W;2022-05-09;Home;54.0;25.4;4-3-3;6.0;22.1;84.8;5.0;16.0;325.8;3-4-1-2;381.25;05
174;L;2022-05-16;Away;63.0;25.4;4-3-3;0.0;16.3;83.6;3.0;9.0;325.8;4-1-4-1;128.55;05
175;W;2022-05-21;Home;66.0;25.4;4-3-3;2.0;18.2;87.0;8.0;13.0;325.8;3-5-2;642.5;05
176;W;2021-08-14;Home;60.0;24.7;3-4-3;6.0;;;14.0;12.0;162.98;;;08
177;L;2021-08-21;Home;40.0;24.7;3-4-3;3.0;15.8;78.3;7.0;11.0;162.98;;;08
178;L;2021-08-27;Home;43.0;24.7;3-4-3;1.0;14.7;74.6;14.0;13.0;162.98;;;08
179;L;2021-09-13;Away;57.0;24.7;3-4-3;0.0;16.0;79.8;10.0;21.0;162.98;;;09
180;W;2021-09-19;Home;53.0;24.7;3-4-3;6.0;19.8;76.6;10.0;14.0;162.98;;;09
181;D;2021-09-22;Away;50.0;24.7;3-4-3;5.0;14.8;73.7;9.0;17.0;162.98;;;09
182;D;2021-09-25;Away;51.0;24.7;3-4-3;6.0;18.0;74.4;12.0;13.0;162.98;;;09
183;W;2021-10-03;Home;45.0;24.7;3-4-3;4.0;19.1;78.8;8.0;15.0;162.98;;;10
184;L;2021-10-16;Away;46.0;24.7;3-4-3;4.0;15.7;70.1;8.0;20.0;162.98;;;10
185;W;2021-10-24;Home;49.0;24.7;3-4-3;7.0;15.0;79.0;11.0;12.0;162.98;;;10
186;D;2021-10-27;Away;66.0;24.7;3-4-3;1.0;26.3;82.8;10.0;12.0;162.98;;;10
187;W;2021-10-30;Home;45.0;24.7;3-4-3;5.0;17.6;76.7;16.0;22.0;162.98;;;10
188;D;2021-11-07;Away;41.0;24.7;3-4-3;3.0;17.0;76.6;6.0;19.0;162.98;;;11
189;W;2021-11-22;Home;57.0;24.7;3-4-3;5.0;17.7;75.0;7.0;7.0;162.98;;;11
190;L;2021-11-27;Away;58.0;24.7;3-4-3;3.0;16.8;80.4;8.0;16.0;162.98;;;11
191;D;2021-11-30;Home;69.0;24.7;3-4-3;6.0;18.0;80.2;5.0;15.0;162.98;;;11
192;W;2021-12-05;Away;56.0;24.7;3-4-1-2;5.0;17.7;78.0;13.0;14.0;162.98;;;12
193;L;2021-12-12;Home;52.0;24.7;3-4-1-2;3.0;15.8;66.1;12.0;13.0;162.98;;;12
194;L;2021-12-15;Home;50.0;24.7;3-4-3;7.0;;;7.0;19.0;162.98;;;12
195;L;2021-12-19;Away;34.0;24.7;3-4-3;2.0;19.4;63.8;7.0;7.0;162.98;;;12
196;D;2021-12-22;Home;40.0;24.7;3-4-3;2.0;20.5;65.2;8.0;15.0;162.98;;;12
197;W;2022-01-06;Away;60.0;24.7;3-4-3;5.0;16.7;75.7;7.0;11.0;162.98;;;01
198;L;2022-01-09;Home;70.0;24.7;3-4-3;7.0;18.4;80.2;4.0;13.0;162.98;;;01
199;W;2022-01-16;Away;44.0;24.7;3-4-3;5.0;15.1;72.8;17.0;18.0;162.98;;;01
200;W;2022-01-21;Home;56.0;24.7;3-4-3;6.0;14.1;71.9;12.0;21.0;162.98;;;01
201;L;2022-02-06;Away;53.0;24.7;3-4-3;1.0;18.9;78.8;11.0;11.0;162.98;;;02
202;W;2022-02-13;Home;43.0;24.7;3-4-3;5.0;12.7;66.8;12.0;17.0;162.98;;;02
203;D;2022-02-19;Away;43.0;24.7;3-4-3;3.0;15.5;69.8;14.0;14.0;162.98;;;02
204;W;2022-02-27;Home;56.0;24.7;3-4-3;11.0;15.7;73.3;21.0;13.0;162.98;;;02
205;D;2022-03-06;Away;50.0;24.7;3-4-1-2;1.0;32.4;72.7;12.0;15.0;162.98;;;03
206;L;2022-03-13;Home;50.0;24.7;3-5-2;1.0;18.1;77.3;12.0;19.0;162.98;;;03
207;D;2022-03-20;Away;63.0;24.7;3-4-1-2;4.0;19.8;77.8;5.0;13.0;162.98;;;03
208;W;2022-04-04;Home;48.0;24.7;3-4-3;3.0;17.3;64.1;16.0;16.0;162.98;;;04
209;L;2022-04-09;Away;52.0;24.7;3-4-3;3.0;16.9;79.7;9.0;7.0;162.98;;;04
210;W;2022-04-18;Away;44.0;24.7;3-4-3;6.0;15.8;75.7;8.0;13.0;162.98;;;04
211;D;2022-04-23;Home;57.0;24.7;3-4-3;1.0;18.2;77.5;14.0;15.0;162.98;;;04
212;W;2022-04-30;Away;41.0;24.7;3-4-3;4.0;16.7;61.8;16.0;17.0;162.98;;;04
213;L;2022-05-08;Home;47.0;24.7;3-4-3;3.0;15.3;76.7;7.0;15.0;162.98;;;05
214;L;2022-05-14;Home;47.0;24.7;3-4-3;5.0;14.2;73.1;7.0;17.0;162.98;;;05
215;D;2022-05-21;Away;46.0;24.7;3-4-3;7.0;17.8;73.0;7.0;19.0;162.98;;;05
216;W;2021-08-21;Home;60.0;27.2;3-5-1-1;8.0;15.0;88.4;5.0;18.0;558.55;;;08
217;W;2021-08-27;Away;57.0;27.2;3-5-1-1;7.0;15.9;77.8;10.0;12.0;558.55;;;08
218;D;2021-09-12;Away;48.0;27.2;3-5-2;3.0;16.1;76.3;10.0;13.0;558.55;;;09
219;L;2021-09-15;Home;47.0;27.2;3-5-2;5.0;14.5;86.0;12.0;9.0;558.55;;;09
220;W;2021-09-18;Home;45.0;27.2;3-5-2;11.0;15.3;88.6;10.0;10.0;558.55;;;09
221;W;2021-09-21;Away;47.0;27.2;3-5-2;5.0;14.2;83.8;5.0;15.0;558.55;;;09
222;D;2021-09-25;Home;49.0;27.2;3-5-2;6.0;14.0;76.8;6.0;13.0;558.55;;;09
223;D;2021-09-28;Away;34.0;27.2;3-5-2;2.0;21.0;79.3;11.0;17.0;558.55;;;09
224;W;2021-10-02;Away;45.0;27.2;3-5-2;2.0;16.5;78.6;9.0;19.0;558.55;;;10
225;L;2021-10-16;Away;48.0;27.2;3-5-1-1;3.0;18.7;84.6;9.0;12.0;558.55;;;10
226;W;2021-10-19;Home;70.0;27.2;3-5-2;8.0;16.1;86.8;10.0;9.0;558.55;;;10
227;D;2021-10-24;Home;49.0;27.2;3-5-2;2.0;18.8;79.5;9.0;14.0;558.55;;;10
228;W;2021-10-27;Away;69.0;27.2;3-5-2;9.0;16.5;87.8;9.0;15.0;558.55;;;10
229;W;2021-10-31;Home;66.0;27.2;3-5-2;5.0;17.9;86.9;5.0;9.0;558.55;;;10
230;W;2021-11-03;Away;65.0;27.2;3-5-2;8.0;14.8;87.7;5.0;11.0;558.55;;;11
231;D;2021-11-07;Away;50.0;27.2;3-5-2;0.0;21.5;77.6;9.0;11.0;558.55;;;11
232;W;2021-11-21;Home;45.0;27.2;3-5-2;6.0;17.1;80.1;8.0;15.0;558.55;;;11
233;W;2021-11-24;Home;43.0;27.2;3-5-2;9.0;15.2;81.7;13.0;10.0;558.55;;;11
234;W;2021-11-27;Away;56.0;27.2;3-5-2;10.0;17.3;87.9;9.0;4.0;558.55;;;11
235;W;2021-12-01;Home;63.0;27.2;3-5-2;10.0;19.2;88.5;11.0;18.0;558.55;;;12
236;W;2021-12-04;Away;66.0;27.2;3-5-2;4.0;16.5;91.4;9.0;6.0;558.55;;;12
237;L;2021-12-07;Away;50.0;27.2;3-5-2;3.0;16.7;88.0;11.0;10.0;558.55;;;12
238;W;2021-12-12;Home;75.0;27.2;3-5-2;14.0;17.5;89.0;10.0;9.0;558.55;;;12
239;W;2021-12-17;Away;65.0;27.2;3-5-2;8.0;13.2;87.4;10.0;10.0;558.55;;;12
240;W;2021-12-22;Home;54.0;27.2;3-5-2;3.0;19.8;76.8;9.0;11.0;558.55;;;12
241;W;2022-01-09;Home;60.0;27.2;3-5-2;5.0;18.0;86.8;10.0;11.0;558.55;;;01
242;W;2022-01-12;Home;63.0;27.2;3-5-2;6.0;;;5.0;17.0;558.55;;;01
243;D;2022-01-16;Away;63.0;27.2;3-5-2;3.0;14.1;84.2;9.0;10.0;558.55;;;01
244;W;2022-01-19;Home;57.0;27.2;3-5-2;11.0;;;14.0;17.0;558.55;;;01
245;W;2022-01-22;Home;70.0;27.2;3-5-2;12.0;17.1;84.6;4.0;13.0;558.55;;;01
246;L;2022-02-05;Home;46.0;27.2;3-5-2;5.0;17.5;79.2;8.0;20.0;558.55;;;02
247;W;2022-02-08;Home;58.0;27.2;3-5-2;5.0;;;7.0;11.0;558.55;;;02
248;D;2022-02-12;Away;52.0;27.2;3-5-2;2.0;13.8;86.6;15.0;14.0;558.55;;;02
249;L;2022-02-16;Home;46.0;27.2;3-5-2;0.0;16.6;75.9;15.0;10.0;558.55;;;02
250;L;2022-02-20;Home;59.0;27.2;3-5-2;8.0;15.0;84.0;6.0;12.0;558.55;;;02
251;D;2022-02-25;Away;72.0;27.2;3-5-2;4.0;14.9;79.2;10.0;9.0;558.55;;;02
252;D;2022-03-01;Away;51.0;27.2;3-5-2;2.0;;;10.0;15.0;558.55;;;03
253;W;2022-03-04;Home;60.0;27.2;3-5-2;12.0;12.9;85.8;9.0;11.0;558.55;;;03
254;W;2022-03-08;Away;38.0;27.2;3-5-2;3.0;20.4;76.7;7.0;9.0;558.55;;;03
255;D;2022-03-13;Away;56.0;27.2;3-5-2;7.0;14.6;76.1;10.0;17.0;558.55;;;03
256;D;2022-03-19;Home;51.0;27.2;3-5-2;5.0;15.3;82.4;8.0;14.0;558.55;;;03
257;W;2022-04-03;Away;46.0;27.2;3-5-2;0.0;23.0;82.8;10.0;19.0;558.55;;;04
258;W;2022-04-09;Home;48.0;27.2;3-5-2;6.0;15.1;72.1;12.0;10.0;558.55;;;04
259;W;2022-04-15;Away;67.0;27.2;3-5-2;7.0;15.9;83.3;8.0;11.0;558.55;;;04
260;W;2022-04-19;Home;48.0;27.2;3-5-2;4.0;;;7.0;18.0;558.55;;;04
261;W;2022-04-23;Home;45.0;27.2;3-5-2;8.0;14.6;83.2;12.0;11.0;558.55;;;04
262;L;2022-04-27;Away;59.0;27.2;3-5-2;6.0;16.2;84.9;6.0;9.0;558.55;;;04
263;W;2022-05-01;Away;52.0;27.2;3-5-2;5.0;12.4;85.1;3.0;10.0;558.55;;;05
264;W;2022-05-06;Home;64.0;27.2;3-5-2;10.0;13.4;86.6;9.0;10.0;558.55;;;05
265;W;2022-05-11;Away;59.0;27.2;3-5-2;8.0;;;9.0;22.0;558.55;;;05
266;W;2022-05-15;Away;62.0;27.2;3-5-2;7.0;14.1;87.7;12.0;15.0;558.55;;;05
267;W;2022-05-22;Home;58.0;27.2;3-5-2;11.0;15.7;90.4;9.0;6.0;558.55;;;05
268;D;2021-08-22;Away;56.0;25.0;4-4-2;3.0;16.3;85.6;13.0;14.0;642.5;3-5-1-1;142.3;08
269;L;2021-08-28;Home;54.0;25.0;4-3-1-2;5.0;17.1;79.5;11.0;10.0;642.5;4-3-1-2;126.5;08
270;L;2021-09-11;Away;33.0;25.0;4-3-3;4.0;14.5;79.9;4.0;16.0;642.5;4-3-3;477.23;09
271;W;2021-09-14;Away;60.0;25.0;4-4-2;7.0;16.7;87.1;11.0;11.0;642.5;;;09
272;D;2021-09-19;Home;44.0;25.0;4-4-2;4.0;15.9;82.3;7.0;13.0;642.5;4-2-3-1;546.95;09
273;W;2021-09-22;Away;60.0;25.0;4-4-2;9.0;18.1;83.4;6.0;10.0;642.5;4-2-3-1;78.5;09
274;W;2021-09-26;Home;50.0;25.0;4-4-2;5.0;18.7;79.4;12.0;22.0;642.5;4-4-2;128.55;09
275;W;2021-09-29;Home;28.0;25.0;4-3-3;1.0;16.4;73.3;13.0;8.0;642.5;;;09
276;W;2021-10-02;Away;52.0;25.0;4-4-2;3.0;18.0;78.6;7.0;14.0;642.5;3-4-3;223.4;10
277;W;2021-10-17;Home;47.0;25.0;4-4-2;2.0;13.1;84.0;7.0;18.0;642.5;4-2-3-1;381.25;10
278;W;2021-10-20;Away;58.0;25.0;4-3-3;2.0;18.7;85.0;7.0;10.0;642.5;;;10
279;D;2021-10-24;Away;51.0;25.0;4-4-2;3.0;21.6;83.2;8.0;15.0;642.5;;;10
280;L;2021-10-27;Home;57.0;25.0;4-4-2;2.0;15.5;83.9;4.0;21.0;642.5;4-3-3;251.0;10
281;L;2021-10-30;Away;55.0;25.0;4-4-2;4.0;18.8;79.6;9.0;8.0;642.5;;;10
282;W;2021-11-02;Home;58.0;25.0;4-4-2;9.0;17.7;87.0;13.0;12.0;642.5;;;11
283;W;2021-11-06;Home;50.0;25.0;4-4-2;3.0;16.0;80.4;8.0;15.0;642.5;4-3-3;325.8;11
284;W;2021-11-20;Away;42.0;25.0;3-1-4-2;3.0;16.3;84.7;12.0;15.0;642.5;4-3-3;264.48;11
285;L;2021-11-23;Away;46.0;25.0;4-4-2;1.0;21.9;81.8;11.0;13.0;642.5;;;11
286;L;2021-11-27;Home;59.0;25.0;4-4-2;2.0;18.4;83.5;12.0;13.0;642.5;3-4-3;398.75;11
287;W;2021-11-30;Away;73.0;25.0;4-2-3-1;7.0;20.2;91.1;7.0;9.0;642.5;5-3-2;70.56;11
288;W;2021-12-05;Home;70.0;25.0;4-2-3-1;12.0;18.4;89.5;7.0;15.0;642.5;3-5-2;121.28;12
289;W;2021-12-08;Home;58.0;25.0;4-2-3-1;7.0;15.5;84.7;10.0;6.0;642.5;;;12
290;D;2021-12-11;Away;60.0;25.0;4-2-3-1;6.0;17.3;83.3;10.0;10.0;642.5;4-3-1-2;80.98;12
291;W;2021-12-18;Away;43.0;25.0;4-3-3;7.0;17.4;77.1;9.0;19.0;642.5;3-1-4-2;186.2;12
292;W;2021-12-21;Home;63.0;25.0;4-3-3;4.0;13.3;84.3;3.0;16.0;642.5;5-3-2;134.53;12
293;D;2022-01-06;Home;44.0;25.0;4-3-3;5.0;18.3;84.8;15.0;8.0;642.5;4-2-3-1;477.23;01
294;W;2022-01-09;Away;47.0;25.0;4-4-1-1;5.0;21.4;83.1;11.0;12.0;642.5;4-2-3-1;381.25;01
295;L;2022-01-12;Away;37.0;25.0;4-4-1-1;2.0;;;15.0;17.0;642.5;;;01
296;W;2022-01-15;Home;66.0;25.0;4-4-2;4.0;19.1;86.5;14.0;13.0;642.5;3-5-2;142.3;01
297;W;2022-01-18;Home;63.0;25.0;4-4-1-1;15.0;;;9.0;15.0;642.5;3-1-4-2;128.55;01
298;D;2022-01-23;Away;53.0;25.0;4-4-2;0.0;17.5;83.4;12.0;19.0;642.5;4-2-3-1;546.95;01
299;W;2022-02-06;Home;47.0;25.0;4-3-3;8.0;18.3;77.1;16.0;11.0;642.5;;;02
300;W;2022-02-10;Home;45.0;25.0;4-2-3-1;10.0;;;8.0;6.0;642.5;4-2-3-1;251.0;02
301;D;2022-02-13;Away;48.0;25.0;4-3-3;6.0;18.2;78.1;11.0;9.0;642.5;3-4-1-2;398.75;02
302;D;2022-02-18;Home;46.0;25.0;4-3-2-1;3.0;17.8;76.5;5.0;16.0;642.5;3-4-3;223.4;02
303;D;2022-02-22;Away;46.0;25.0;3-5-2;2.0;17.7;82.1;18.0;12.0;642.5;;;02
304;W;2022-02-26;Away;47.0;25.0;4-4-2;5.0;14.0;80.1;9.0;8.0;642.5;4-3-1-2;126.5;02
305;W;2022-03-02;Away;45.0;25.0;3-5-2;1.0;;;5.0;13.0;642.5;4-3-3;325.8;03
306;W;2022-03-06;Home;56.0;25.0;4-4-2;3.0;16.1;86.9;7.0;14.0;642.5;4-2-3-1;78.5;03
307;W;2022-03-12;Away;51.0;25.0;4-4-2;2.0;14.8;87.5;5.0;15.0;642.5;4-1-2-1-2◆;128.55;03
308;L;2022-03-16;Home;58.0;25.0;3-5-2;5.0;17.8;87.2;10.0;6.0;642.5;;;03
309;W;2022-03-20;Home;57.0;25.0;4-4-2;7.0;11.8;85.1;7.0;10.0;642.5;4-2-3-1;70.56;03
310;L;2022-04-03;Home;54.0;25.0;4-2-3-1;5.0;18.8;81.5;5.0;9.0;642.5;;;04
311;W;2022-04-09;Away;60.0;25.0;4-4-2;6.0;19.2;79.3;9.0;10.0;642.5;3-5-2;134.53;04
312;D;2022-04-16;Home;51.0;25.0;4-3-3;4.0;17.2;82.3;6.0;11.0;642.5;3-5-2;186.2;04
313;W;2022-04-20;Home;32.0;25.0;4-4-2;3.0;;;15.0;13.0;642.5;4-3-3;325.8;04
314;W;2022-04-25;Away;37.0;25.0;4-4-2;5.0;20.4;81.1;10.0;8.0;642.5;4-2-3-1;251.0;04
315;W;2022-05-01;Home;50.0;25.0;3-5-2;4.0;16.2;82.6;7.0;17.0;642.5;3-4-3;80.98;05
316;L;2022-05-06;Away;54.0;25.0;4-3-3;4.0;17.2;80.6;8.0;15.0;642.5;4-2-3-1;121.28;05
317;L;2022-05-11;Home;41.0;25.0;4-4-2;8.0;;;15.0;12.0;642.5;;;05
318;D;2022-05-16;Home;37.0;25.0;4-2-3-1;2.0;12.9;84.9;10.0;16.0;642.5;4-3-3;264.48;05
319;L;2022-05-21;Away;34.0;25.0;3-5-2;0.0;16.4;81.3;9.0;14.0;642.5;4-3-3;325.8;05
320;W;2021-08-21;Away;54.0;27.2;4-3-3;3.0;14.5;86.1;15.0;10.0;264.48;4-1-2-1-2◆;126.5;08
321;W;2021-08-28;Home;61.0;27.2;4-3-3;9.0;19.2;90.1;7.0;12.0;264.48;3-4-3;78.5;08
322;L;2021-09-12;Away;53.0;27.2;4-3-3;5.0;19.8;84.6;10.0;18.0;264.48;4-2-3-1;546.95;09
323;L;2021-09-16;Away;47.0;27.2;4-3-3;4.0;25.0;85.0;12.0;9.0;264.48;;;09
324;D;2021-09-19;Home;73.0;27.2;4-3-3;10.0;17.0;85.7;7.0;3.0;264.48;3-5-2;134.53;09
325;D;2021-09-23;Away;55.0;27.2;4-3-3;1.0;30.3;75.5;10.0;9.0;264.48;3-4-3;223.4;09
326;W;2021-09-26;Home;49.0;27.2;4-3-3;4.0;12.6;85.0;4.0;12.0;264.48;4-2-3-1;381.25;09
327;W;2021-09-30;Home;60.0;27.2;4-3-3;5.0;14.1;86.9;9.0;14.0;264.48;;;09
328;L;2021-10-03;Away;59.0;27.2;4-3-3;4.0;18.4;85.8;10.0;16.0;264.48;3-4-3;186.2;10
329;W;2021-10-16;Home;52.0;27.2;4-3-3;7.0;17.6;90.4;12.0;13.0;264.48;;;10
330;D;2021-10-21;Home;43.0;27.2;4-3-3;5.0;13.4;81.7;5.0;13.0;264.48;;;10
331;L;2021-10-24;Away;51.0;27.2;4-3-3;4.0;15.7;77.7;11.0;15.0;264.48;;;10
332;W;2021-10-27;Home;49.0;27.2;4-3-3;2.0;14.6;85.8;7.0;16.0;264.48;4-3-3;325.8;10
333;D;2021-10-30;Away;43.0;27.2;4-3-3;5.0;15.1;79.3;3.0;13.0;264.48;3-4-3;398.75;10
334;D;2021-11-04;Away;35.0;27.2;4-3-3;3.0;18.0;76.3;13.0;14.0;264.48;;;11
335;W;2021-11-07;Home;60.0;27.2;4-3-3;5.0;19.0;89.5;10.0;7.0;264.48;4-3-1-2;70.56;11
336;L;2021-11-20;Home;58.0;27.2;4-3-3;1.0;24.7;87.0;10.0;12.0;264.48;3-1-4-2;642.5;11
337;W;2021-11-25;Away;65.0;27.2;4-3-3;6.0;18.6;79.8;8.0;11.0;264.48;;;11
338;L;2021-11-28;Away;39.0;27.2;4-3-3;2.0;17.3;86.8;12.0;13.0;264.48;4-3-3;477.23;11
339;D;2021-12-02;Home;62.0;27.2;4-3-3;5.0;17.1;85.3;10.0;11.0;264.48;4-4-2;142.3;12
340;W;2021-12-05;Away;51.0;27.2;4-3-3;5.0;12.9;84.4;12.0;9.0;264.48;4-4-2;128.55;12
341;D;2021-12-09;Home;62.0;27.2;4-3-3;1.0;21.0;84.7;8.0;12.0;264.48;;;12
342;L;2021-12-12;Away;41.0;27.2;4-3-3;2.0;20.4;80.4;5.0;11.0;264.48;4-2-3-1;251.0;12
343;W;2021-12-17;Home;55.0;27.2;4-3-3;5.0;15.7;86.4;5.0;9.0;264.48;3-5-2;121.28;12
344;W;2021-12-22;Away;53.0;27.2;4-3-3;4.0;17.9;86.3;5.0;10.0;264.48;4-3-2-1;80.98;12
345;D;2022-01-06;Home;62.0;27.2;4-3-3;8.0;18.8;84.8;5.0;13.0;264.48;4-3-1-2;126.5;01
346;L;2022-01-09;Away;40.0;27.2;4-3-3;2.0;8.8;80.7;8.0;14.0;264.48;;;01
347;W;2022-01-15;Away;73.0;27.2;4-3-3;8.0;16.2;91.5;6.0;16.0;264.48;3-5-2;70.56;01
348;W;2022-01-18;Home;65.0;27.2;4-3-3;5.0;;;14.0;18.0;264.48;3-5-2;142.3;01
349;D;2022-01-22;Home;61.0;27.2;4-3-3;1.0;21.4;85.5;5.0;10.0;264.48;3-4-1-2;398.75;01
350;W;2022-02-05;Away;50.0;27.2;4-3-3;7.0;13.5;84.1;10.0;15.0;264.48;4-3-3;325.8;02
351;L;2022-02-09;Away;52.0;27.2;4-3-3;1.0;;;13.0;12.0;264.48;4-2-3-1;546.95;02
352;W;2022-02-12;Home;56.0;27.2;4-3-3;5.0;15.7;87.5;9.0;13.0;264.48;3-5-2;186.2;02
353;L;2022-02-17;Away;55.0;27.2;4-3-3;2.0;17.0;85.3;11.0;9.0;264.48;;;02
354;D;2022-02-20;Away;59.0;27.2;4-3-3;2.0;14.3;84.2;6.0;9.0;264.48;3-5-2;142.3;02
355;D;2022-02-24;Home;47.0;27.2;4-3-3;5.0;17.3;81.0;10.0;7.0;264.48;;;02
356;L;2022-02-27;Home;45.0;27.2;4-3-3;8.0;15.4;86.9;14.0;13.0;264.48;4-2-3-1;477.23;02
357;W;2022-03-05;Away;55.0;27.2;4-3-3;4.0;18.0;79.3;17.0;13.0;264.48;3-4-1-2;134.53;03
358;W;2022-03-14;Home;66.0;27.2;4-3-3;0.0;19.1;87.3;7.0;11.0;264.48;4-3-2-1;80.98;03
359;L;2022-03-20;Away;66.0;27.2;4-3-3;3.0;23.9;85.9;1.0;12.0;264.48;3-4-3;381.25;03
360;W;2022-04-02;Home;53.0;27.2;4-3-3;5.0;14.2;88.9;12.0;11.0;264.48;4-2-3-1;251.0;04
361;W;2022-04-10;Away;57.0;27.2;4-3-2-1;11.0;16.8;81.3;4.0;8.0;264.48;4-2-3-1;121.28;04
362;D;2022-04-16;Home;48.0;27.2;4-3-3;4.0;17.5;81.4;4.0;10.0;264.48;3-4-3;223.4;04
363;L;2022-04-24;Home;47.0;27.2;4-3-3;2.0;20.8;79.3;9.0;13.0;264.48;4-2-3-1;546.95;04
364;W;2022-04-30;Away;70.0;27.2;4-3-3;8.0;17.1;85.2;5.0;10.0;264.48;4-2-3-1;78.5;04
365;W;2022-05-07;Home;61.0;27.2;4-3-3;10.0;17.6;88.2;9.0;9.0;264.48;4-1-4-1;128.55;05
366;D;2022-05-16;Away;63.0;27.2;4-3-3;7.0;20.9;88.3;9.0;13.0;264.48;4-2-3-1;642.5;05
367;D;2022-05-21;Home;54.0;27.2;4-3-3;7.0;14.9;78.5;10.0;9.0;264.48;;;05
368;W;2021-08-23;Away;50.0;25.3;4-2-3-1;4.0;19.7;77.7;9.0;15.0;546.95;4-4-2;128.55;08
369;W;2021-08-29;Home;57.0;25.3;4-2-3-1;4.0;19.0;87.6;6.0;13.0;546.95;3-5-2;134.53;08
370;W;2021-09-12;Home;47.0;25.3;4-2-3-1;3.0;20.0;83.3;17.0;10.0;546.95;4-3-3;264.48;09
371;L;2021-09-15;Away;40.0;25.3;4-2-3-1;3.0;13.4;76.7;10.0;10.0;546.95;;;09
372;D;2021-09-19;Away;56.0;25.3;4-2-3-1;3.0;23.0;87.3;9.0;16.0;546.95;4-4-2;642.5;09
373;W;2021-09-22;Home;66.0;25.3;4-2-3-1;4.0;17.6;86.7;9.0;12.0;546.95;4-3-3;80.98;09
374;W;2021-09-25;Away;63.0;25.3;4-2-3-1;5.0;18.0;82.3;4.0;12.0;546.95;4-1-4-1;78.5;09
375;L;2021-09-28;Home;36.0;25.3;4-2-3-1;3.0;24.4;75.1;10.0;8.0;546.95;;;09
376;W;2021-10-03;Away;44.0;25.3;4-2-3-1;7.0;17.3;75.0;9.0;15.0;546.95;3-4-1-2;398.75;10
377;W;2021-10-16;Home;54.0;25.3;4-2-3-1;3.0;20.9;76.0;9.0;11.0;546.95;;;10
378;L;2021-10-19;Away;48.0;25.3;4-2-3-1;1.0;26.6;75.4;12.0;18.0;546.95;;;10
379;W;2021-10-23;Away;63.0;25.3;4-2-3-1;7.0;18.6;87.6;9.0;15.0;546.95;3-4-3;186.2;10
380;W;2021-10-26;Home;45.0;25.3;4-2-3-1;2.0;21.2;74.0;15.0;14.0;546.95;3-4-3;223.4;10
381;W;2021-10-31;Away;50.0;25.3;4-2-3-1;2.0;19.9;82.6;6.0;13.0;546.95;4-2-3-1;381.25;10
382;D;2021-11-03;Home;52.0;25.3;4-2-3-1;2.0;17.9;74.0;4.0;10.0;546.95;;;11
383;D;2021-11-07;Home;50.0;25.3;4-2-3-1;4.0;18.9;81.9;7.0;16.0;546.95;;;11
384;L;2021-11-20;Away;55.0;25.3;4-2-3-1;7.0;15.6;83.7;11.0;10.0;546.95;4-3-3;325.8;11
385;W;2021-11-24;Away;57.0;25.3;4-2-3-1;4.0;18.7;84.4;8.0;14.0;546.95;;;11
386;L;2021-11-28;Home;50.0;25.3;4-2-3-1;2.0;17.3;78.3;10.0;15.0;546.95;4-3-3;251.0;11
387;W;2021-12-01;Away;58.0;25.3;4-2-3-1;5.0;19.1;85.7;9.0;16.0;546.95;3-5-2;121.28;12
388;W;2021-12-04;Home;70.0;25.3;4-2-3-1;8.0;17.4;88.6;5.0;11.0;546.95;4-4-1-1;70.56;12
389;L;2021-12-07;Home;48.0;25.3;4-2-3-1;3.0;16.4;77.3;14.0;13.0;546.95;;;12
390;D;2021-12-11;Away;66.0;25.3;4-2-3-1;1.0;15.1;83.3;8.0;10.0;546.95;3-5-2;142.3;12
391;L;2021-12-19;Home;49.0;25.3;4-2-3-1;2.0;20.2;75.8;18.0;14.0;546.95;4-2-3-1;477.23;12
392;W;2021-12-22;Away;45.0;25.3;4-2-3-1;8.0;18.1;77.5;8.0;10.0;546.95;4-3-1-2;126.5;12
393;W;2022-01-06;Home;54.0;25.3;4-2-3-1;3.0;23.1;78.1;21.0;6.0;546.95;3-1-4-2;381.25;01
394;W;2022-01-09;Away;61.0;25.3;4-2-3-1;6.0;17.4;87.5;10.0;11.0;546.95;4-3-2-1;80.98;01
395;W;2022-01-13;Home;61.0;25.3;4-2-3-1;7.0;;;19.0;16.0;546.95;4-3-3;121.28;01
396;L;2022-01-17;Home;60.0;25.3;4-2-3-1;8.0;17.7;81.0;8.0;11.0;546.95;4-3-3;78.5;01
397;D;2022-01-23;Home;47.0;25.3;4-2-3-1;4.0;22.0;79.0;8.0;16.0;546.95;4-4-2;642.5;01
398;W;2022-02-05;Away;54.0;25.3;4-2-3-1;3.0;20.5;82.6;9.0;14.0;546.95;;;02
399;W;2022-02-09;Home;48.0;25.3;4-2-3-1;6.0;;;11.0;11.0;546.95;4-3-3;264.48;02
400;W;2022-02-13;Home;50.0;25.3;4-2-3-1;7.0;15.0;81.1;13.0;13.0;546.95;4-4-1-1;128.55;02
401;D;2022-02-19;Away;60.0;25.3;4-2-3-1;5.0;19.5;79.6;4.0;12.0;546.95;4-2-3-1;70.56;02
402;D;2022-02-25;Home;62.0;25.3;4-2-3-1;3.0;18.3;82.8;13.0;13.0;546.95;3-5-2;142.3;02
403;D;2022-03-01;Home;49.0;25.3;4-2-3-1;3.0;;;6.0;11.0;546.95;;;03
404;W;2022-03-06;Away;40.0;25.3;4-3-3;7.0;19.4;76.8;10.0;15.0;546.95;4-2-3-1;477.23;03
405;W;2022-03-12;Home;53.0;25.3;4-2-3-1;5.0;15.7;83.0;10.0;6.0;546.95;4-3-2-1;126.5;03
406;W;2022-03-19;Away;58.0;25.3;4-2-3-1;5.0;17.0;78.4;10.0;14.0;546.95;3-1-4-2;134.53;03
407;D;2022-04-04;Home;53.0;25.3;4-2-3-1;7.0;18.1;76.6;7.0;10.0;546.95;3-5-2;186.2;04
408;D;2022-04-10;Away;56.0;25.3;4-2-3-1;3.0;20.3;77.3;3.0;6.0;546.95;3-4-3;223.4;04
409;W;2022-04-15;Home;59.0;25.3;4-3-3;5.0;14.2;81.5;8.0;10.0;546.95;4-3-2-1;121.28;04
410;L;2022-04-19;Away;52.0;25.3;4-2-3-1;6.0;;;8.0;12.0;546.95;;;04
411;W;2022-04-24;Away;53.0;25.3;4-2-3-1;8.0;18.3;78.0;11.0;15.0;546.95;4-3-3;264.48;04
412;W;2022-05-01;Home;49.0;25.3;4-2-3-1;2.0;15.0;77.2;17.0;17.0;546.95;4-3-3;325.8;05
413;W;2022-05-08;Away;53.0;25.3;4-2-3-1;8.0;17.8;77.6;5.0;7.0;546.95;;;05
414;W;2022-05-15;Home;46.0;25.3;4-2-3-1;6.0;21.5;79.0;7.0;8.0;546.95;3-4-3;398.75;05
415;W;2022-05-22;Away;47.0;25.3;4-2-3-1;11.0;14.3;80.8;3.0;13.0;546.95;4-3-3;251.0;05
416;W;2021-08-22;Home;56.0;25.3;4-3-3;3.0;23.4;88.2;12.0;5.0;477.23;4-3-3;80.98;08
417;W;2021-08-29;Away;61.0;25.3;4-3-3;8.0;17.8;84.1;13.0;15.0;477.23;3-5-2;121.28;08
418;W;2021-09-11;Home;67.0;25.3;4-3-3;6.0;17.6;88.5;3.0;14.0;477.23;4-3-3;642.5;09
419;D;2021-09-16;Away;54.0;25.3;4-3-3;7.0;19.0;83.4;10.0;7.0;477.23;;;09
420;W;2021-09-20;Away;62.0;25.3;4-3-3;8.0;15.4;90.4;6.0;11.0;477.23;3-5-2;142.3;09
421;W;2021-09-23;Away;52.0;25.3;4-3-3;9.0;19.6;86.8;11.0;7.0;477.23;4-4-2;128.55;09
422;W;2021-09-26;Home;67.0;25.3;4-3-3;6.0;23.8;91.3;7.0;12.0;477.23;4-2-3-1;134.53;09
423;L;2021-09-30;Home;49.0;25.3;4-3-3;4.0;11.1;81.2;2.0;11.0;477.23;;;09
424;W;2021-10-03;Away;46.0;25.3;4-2-3-1;5.0;16.0;80.9;6.0;13.0;477.23;4-4-2;325.8;10
425;W;2021-10-17;Home;51.0;25.3;4-2-3-1;2.0;19.7;75.8;13.0;6.0;477.23;3-4-1-2;223.4;10
426;W;2021-10-21;Home;70.0;25.3;4-3-3;10.0;18.4;86.3;8.0;11.0;477.23;;;10
427;D;2021-10-24;Away;62.0;25.3;4-2-3-1;2.0;19.0;84.8;8.0;10.0;477.23;4-2-3-1;381.25;10
428;W;2021-10-28;Home;65.0;25.3;4-2-3-1;4.0;21.0;92.1;6.0;20.0;477.23;3-4-3;186.2;10
429;W;2021-10-31;Away;63.0;25.3;4-2-3-1;3.0;16.9;84.6;4.0;13.0;477.23;4-3-1-2;70.56;10
430;W;2021-11-04;Away;70.0;25.3;4-2-3-1;9.0;19.2;89.4;5.0;15.0;477.23;;;11
431;D;2021-11-07;Home;59.0;25.3;4-2-3-1;1.0;21.9;82.2;14.0;16.0;477.23;;;11
432;L;2021-11-21;Away;55.0;25.3;4-2-3-1;3.0;15.9;84.5;7.0;16.0;477.23;;;11
433;L;2021-11-24;Away;70.0;25.3;4-2-3-1;8.0;12.4;85.7;7.0;9.0;477.23;;;11
434;W;2021-11-28;Home;61.0;25.3;4-3-3;8.0;20.3;92.7;8.0;10.0;477.23;4-3-3;264.48;11
435;D;2021-12-01;Away;50.0;25.3;4-3-3;4.0;15.9;83.0;8.0;19.0;477.23;4-3-3;251.0;12
436;L;2021-12-04;Home;55.0;25.3;3-4-3;4.0;18.4;84.4;4.0;16.0;477.23;3-4-3;398.75;12
437;W;2021-12-09;Home;47.0;25.3;4-2-3-1;5.0;15.1;84.0;1.0;12.0;477.23;;;12
438;L;2021-12-12;Home;60.0;25.3;4-2-3-1;6.0;18.4;84.0;3.0;8.0;477.23;4-3-1-2;126.5;12
439;W;2021-12-19;Away;51.0;25.3;4-2-3-1;2.0;16.7;79.9;11.0;18.0;477.23;4-2-3-1;546.95;12
440;L;2021-12-22;Home;65.0;25.3;4-2-3-1;6.0;16.7;85.8;1.0;14.0;477.23;3-5-2;78.5;12
441;D;2022-01-06;Away;56.0;25.3;4-2-3-1;4.0;21.2;86.8;16.0;11.0;477.23;4-3-3;642.5;01
442;W;2022-01-09;Home;68.0;25.3;4-2-3-1;5.0;18.2;87.7;4.0;12.0;477.23;4-4-2;128.55;01
443;L;2022-01-13;Home;48.0;25.3;4-2-3-1;5.0;;;3.0;23.0;477.23;4-3-3;325.8;01
444;W;2022-01-17;Away;61.0;25.3;4-2-3-1;5.0;18.0;84.8;13.0;11.0;477.23;3-1-4-2;186.2;01
445;W;2022-01-23;Home;82.0;25.3;4-2-3-1;12.0;18.3;91.2;1.0;9.0;477.23;4-5-1;70.56;01
446;W;2022-02-06;Away;66.0;25.3;4-2-3-1;6.0;16.4;85.9;4.0;11.0;477.23;4-3-3;80.98;02
447;D;2022-02-12;Home;48.0;25.3;4-2-3-1;3.0;14.7;85.3;10.0;7.0;477.23;;;02
448;D;2022-02-17;Away;34.0;25.3;4-2-3-1;4.0;12.5;77.8;13.0;8.0;477.23;;;02
449;D;2022-02-21;Away;53.0;25.3;3-4-3;3.0;17.1;72.3;5.0;22.0;477.23;3-5-2;134.53;02
450;L;2022-02-24;Home;44.0;25.3;4-2-3-1;2.0;18.1;82.5;4.0;19.0;477.23;;;02
451;W;2022-02-27;Away;55.0;25.3;4-2-3-1;7.0;18.3;87.3;6.0;14.0;477.23;4-3-3;264.48;02
452;L;2022-03-06;Home;60.0;25.3;4-2-3-1;2.0;20.4;84.9;8.0;7.0;477.23;4-3-3;546.95;03
453;W;2022-03-13;Away;50.0;25.3;4-3-3;4.0;16.4;78.4;13.0;9.0;477.23;;;03
454;W;2022-03-19;Home;63.0;25.3;4-3-3;8.0;18.7;85.3;4.0;10.0;477.23;3-5-2;142.3;03
455;W;2022-04-03;Away;45.0;25.3;4-2-3-1;4.0;20.6;77.5;13.0;11.0;477.23;3-4-1-2;398.75;04
456;L;2022-04-10;Home;50.0;25.3;4-3-3;3.0;17.3;82.3;7.0;10.0;477.23;4-3-3;325.8;04
457;D;2022-04-18;Home;49.0;25.3;4-3-3;3.0;21.2;81.2;7.0;21.0;477.23;3-4-1-2;381.25;04
458;L;2022-04-24;Away;59.0;25.3;4-2-3-1;2.0;15.2;79.8;21.0;9.0;477.23;4-3-1-2;126.5;04
459;W;2022-04-30;Home;53.0;25.3;4-2-3-1;8.0;13.0;89.4;8.0;10.0;477.23;4-2-3-1;251.0;04
460;W;2022-05-07;Away;57.0;25.3;4-2-3-1;5.0;19.5;83.5;3.0;11.0;477.23;3-4-3;223.4;05
461;W;2022-05-15;Home;66.0;25.3;4-2-3-1;8.0;17.4;83.6;4.0;13.0;477.23;4-2-3-1;121.28;05
462;W;2022-05-22;Away;68.0;25.3;4-2-3-1;4.0;20.2;88.8;4.0;9.0;477.23;4-2-3-1;78.5;05
463;W;2021-08-19;Away;;23.8;4-2-3-1;;;;;;381.25;;;08
464;W;2021-08-22;Home;42.0;23.8;4-2-3-1;6.0;14.8;81.7;11.0;12.0;381.25;4-3-3;325.8;08
465;W;2021-08-26;Home;;23.8;4-2-3-1;;;;;;381.25;;;08
466;W;2021-08-29;Away;79.0;23.8;4-2-3-1;9.0;18.3;87.0;8.0;11.0;381.25;5-4-1;70.56;08
467;W;2021-09-12;Home;49.0;23.8;4-2-3-1;6.0;15.2;85.4;3.0;7.0;381.25;4-2-3-1;251.0;09
468;W;2021-09-16;Home;61.0;23.8;4-2-3-1;7.0;18.7;85.0;11.0;12.0;381.25;;;09
469;L;2021-09-19;Away;47.0;23.8;4-2-3-1;2.0;20.4;68.3;9.0;13.0;381.25;;;09
470;W;2021-09-23;Home;51.0;23.8;4-2-3-1;2.0;18.9;83.8;9.0;22.0;381.25;3-5-2;142.3;09
471;L;2021-09-26;Away;51.0;23.8;4-2-3-1;7.0;14.7;82.8;11.0;13.0;381.25;4-3-3;264.48;09
472;W;2021-09-30;Away;53.0;23.8;4-2-3-1;10.0;17.5;80.3;8.0;14.0;381.25;;;09
473;W;2021-10-03;Home;63.0;23.8;4-2-3-1;6.0;16.2;89.6;7.0;11.0;381.25;4-3-1-2;126.5;10
474;L;2021-10-17;Away;53.0;23.8;4-2-3-1;3.0;19.1;85.0;4.0;13.0;381.25;4-4-2;642.5;10
475;L;2021-10-21;Away;46.0;23.8;4-2-3-1;2.0;25.3;82.4;13.0;9.0;381.25;;;10
476;D;2021-10-24;Home;38.0;23.8;4-2-3-1;1.0;17.1;76.1;16.0;14.0;381.25;4-2-3-1;477.23;10
477;W;2021-10-27;Away;58.0;23.8;4-2-3-1;3.0;13.6;81.9;11.0;16.0;381.25;3-5-2;134.53;10
478;L;2021-10-31;Home;50.0;23.8;4-2-3-1;6.0;19.3;82.6;4.0;19.0;381.25;4-2-3-1;546.95;10
479;D;2021-11-04;Home;55.0;23.8;4-2-3-1;4.0;15.2;78.6;9.0;12.0;381.25;;;11
480;L;2021-11-07;Away;61.0;23.8;3-4-1-2;9.0;13.2;78.9;5.0;18.0;381.25;4-3-3;80.98;11
481;W;2021-11-21;Away;59.0;23.8;3-1-4-2;4.0;15.4;85.5;7.0;13.0;381.25;3-5-2;121.28;11
482;W;2021-11-25;Home;54.0;23.8;3-4-3;8.0;14.9;86.4;14.0;12.0;381.25;;;11
483;W;2021-11-28;Home;32.0;23.8;3-1-4-2;2.0;17.8;74.3;8.0;7.0;381.25;3-4-3;223.4;11
484;L;2021-12-01;Away;57.0;23.8;3-1-4-2;5.0;20.8;83.9;10.0;18.0;381.25;3-4-3;186.2;12
485;L;2021-12-04;Home;34.0;23.8;3-1-4-2;1.0;15.9;85.8;10.0;9.0;381.25;;;12
486;W;2021-12-09;Away;51.0;23.8;3-4-1-2;5.0;12.3;81.1;8.0;16.0;381.25;;;12
487;W;2021-12-13;Home;52.0;23.8;3-5-2;5.0;12.4;82.3;15.0;13.0;381.25;3-5-2;78.5;12
488;W;2021-12-18;Away;29.0;23.8;3-5-2;5.0;16.0;73.1;18.0;16.0;381.25;3-4-3;398.75;12
489;D;2021-12-22;Home;55.0;23.8;3-1-4-2;4.0;19.0;79.4;8.0;6.0;381.25;4-4-2;128.55;12
490;L;2022-01-06;Away;46.0;23.8;3-1-4-2;5.0;19.5;71.0;16.0;20.0;381.25;4-2-3-1;546.95;01
491;L;2022-01-09;Home;53.0;23.8;4-2-3-1;6.0;18.8;78.4;7.0;11.0;381.25;4-4-1-1;642.5;01
492;W;2022-01-16;Home;57.0;23.8;4-2-3-1;6.0;20.0;80.4;10.0;13.0;381.25;3-5-2;134.53;01
493;W;2022-01-20;Home;58.0;23.8;4-2-3-1;10.0;;;9.0;18.0;381.25;;;01
494;W;2022-01-23;Away;42.0;23.8;3-4-1-2;8.0;12.8;77.2;13.0;14.0;381.25;4-3-2-1;126.5;01
495;D;2022-02-05;Home;62.0;23.8;3-4-1-2;3.0;17.5;76.7;10.0;8.0;381.25;4-2-3-1;121.28;02
496;L;2022-02-08;Away;43.0;23.8;3-4-1-2;1.0;;;12.0;18.0;381.25;;;02
497;D;2022-02-13;Away;54.0;23.8;3-4-1-2;7.0;14.5;77.8;10.0;13.0;381.25;4-3-3;251.0;02
498;D;2022-02-19;Home;57.0;23.8;3-4-1-2;3.0;17.6;73.7;15.0;18.0;381.25;;;02
499;W;2022-02-27;Away;65.0;23.8;3-4-3;8.0;16.8;84.2;6.0;11.0;381.25;4-3-3;78.5;02
500;W;2022-03-05;Home;35.0;23.8;3-4-1-2;4.0;19.1;70.9;15.0;17.0;381.25;4-2-3-1;398.75;03
501;W;2022-03-10;Away;39.0;23.8;3-4-1-2;3.0;19.0;63.6;12.0;16.0;381.25;;;03
502;D;2022-03-13;Away;63.0;23.8;3-5-2;1.0;21.7;84.8;4.0;12.0;381.25;3-5-2;142.3;03
503;D;2022-03-17;Home;37.0;23.8;3-4-3;1.0;17.9;74.2;12.0;14.0;381.25;;;03
504;W;2022-03-20;Home;34.0;23.8;3-4-3;5.0;16.6;73.4;9.0;16.0;381.25;4-3-3;264.48;03
505;W;2022-04-03;Away;51.0;23.8;3-4-3;1.0;15.2;79.8;11.0;13.0;381.25;4-1-3-2;128.55;04
506;L;2022-04-07;Away;43.0;23.8;3-4-3;4.0;16.8;74.8;12.0;11.0;381.25;;;04
507;W;2022-04-10;Home;67.0;23.8;3-4-3;7.0;16.8;83.5;13.0;16.0;381.25;3-5-2;70.56;04
508;W;2022-04-14;Home;40.0;23.8;3-4-1-2;9.0;15.8;80.2;8.0;15.0;381.25;;;04
509;D;2022-04-18;Away;51.0;23.8;3-4-1-2;6.0;12.1;80.9;9.0;12.0;381.25;4-3-3;477.23;04
510;L;2022-04-23;Away;55.0;23.8;3-4-3;2.0;18.0;86.2;15.0;13.0;381.25;;;04
511;D;2022-04-28;Away;33.0;23.8;3-5-2;2.0;16.8;69.6;17.0;14.0;381.25;;;04
512;D;2022-05-01;Home;43.0;23.8;3-4-3;5.0;19.3;74.8;16.0;10.0;381.25;3-1-4-2;186.2;05
513;W;2022-05-05;Home;37.0;23.8;3-4-3;4.0;16.4;72.1;13.0;12.0;381.25;;;05
514;L;2022-05-09;Away;46.0;23.8;3-4-1-2;1.0;20.2;82.7;9.0;11.0;381.25;4-3-3;325.8;05
515;D;2022-05-14;Home;69.0;23.8;3-4-1-2;16.0;20.1;81.7;12.0;11.0;381.25;5-3-2;80.98;05
516;W;2022-05-20;Away;42.0;23.8;3-4-3;4.0;19.4;78.7;11.0;10.0;381.25;3-4-3;223.4;05
517;W;2022-05-25;Neutral;33.0;23.8;3-4-1-2;3.0;17.0;72.3;11.0;8.0;381.25;;;05
518;W;2021-08-16;Home;34.0;25.9;3-5-2;5.0;;;11.0;16.0;70.56;;;08
519;L;2021-08-22;Away;29.0;25.9;3-5-2;3.0;18.5;52.5;7.0;15.0;70.56;4-2-3-1;186.2;08
520;L;2021-08-29;Home;21.0;25.9;5-4-1;0.0;14.0;49.8;11.0;12.0;70.56;4-2-3-1;381.25;08
521;L;2021-09-12;Away;41.0;25.9;3-5-2;2.0;20.2;69.9;10.0;11.0;70.56;3-4-3;223.4;09
522;L;2021-09-18;Home;42.0;25.9;3-4-1-2;1.0;21.3;72.8;8.0;21.0;70.56;3-4-3;398.75;09
523;D;2021-09-22;Home;50.0;25.9;3-4-1-2;4.0;13.6;72.3;15.0;13.0;70.56;;;09
524;L;2021-09-26;Away;43.0;25.9;4-1-2-1-2◆;4.0;15.0;74.4;11.0;16.0;70.56;4-2-3-1;251.0;09
525;W;2021-10-02;Home;49.0;25.9;4-1-2-1-2◆;4.0;18.0;73.7;8.0;15.0;70.56;3-5-2;121.28;10
526;L;2021-10-16;Away;42.0;25.9;4-3-1-2;4.0;17.7;66.8;8.0;15.0;70.56;4-2-3-1;78.5;10
527;L;2021-10-23;Home;60.0;25.9;3-4-1-2;5.0;13.8;80.2;5.0;12.0;70.56;4-3-1-2;126.5;10
528;W;2021-10-26;Away;55.0;25.9;4-3-3;7.0;18.2;80.7;4.0;13.0;70.56;4-3-3;80.98;10
529;L;2021-10-31;Home;37.0;25.9;4-3-1-2;2.0;20.0;75.2;8.0;11.0;70.56;4-2-3-1;477.23;10
530;L;2021-11-07;Away;40.0;25.9;4-3-1-2;0.0;14.9;84.9;8.0;14.0;70.56;4-3-3;264.48;11
531;L;2021-11-21;Home;55.0;25.9;4-1-2-1-2◆;2.0;15.8;74.0;9.0;10.0;70.56;4-4-2;128.55;11
532;D;2021-11-26;Away;43.0;25.9;4-3-1-2;2.0;23.3;70.3;6.0;10.0;70.56;3-5-2;134.53;11
533;L;2021-11-30;Home;27.0;25.9;5-3-2;0.0;15.9;71.0;8.0;14.0;70.56;4-2-3-1;642.5;11
534;L;2021-12-04;Away;30.0;25.9;4-4-1-1;2.0;23.3;73.7;9.0;9.0;70.56;4-2-3-1;546.95;12
535;L;2021-12-11;Away;31.0;25.9;4-4-1-1;6.0;15.3;74.6;8.0;11.0;70.56;4-3-3;325.8;12
536;L;2021-12-14;Away;44.0;25.9;5-3-2;5.0;;;18.0;18.0;70.56;3-5-2;121.28;12
537;L;2021-12-17;Home;35.0;25.9;5-3-2;2.0;12.9;76.5;12.0;10.0;70.56;;;12
538;W;2022-01-09;Away;30.0;25.9;5-3-2;4.0;23.2;58.2;12.0;12.0;70.56;;;01
539;L;2022-01-15;Home;27.0;25.9;3-5-2;1.0;23.5;77.8;10.0;11.0;70.56;4-3-3;264.48;01
540;L;2022-01-23;Away;18.0;25.9;4-5-1;1.0;12.4;64.1;9.0;14.0;70.56;4-2-3-1;477.23;01
541;D;2022-02-07;Home;57.0;25.9;4-3-2-1;5.0;23.5;74.6;9.0;12.0;70.56;4-2-3-1;78.5;02
542;D;2022-02-13;Away;49.0;25.9;4-3-2-1;4.0;19.0;67.2;9.0;10.0;70.56;4-2-3-1;121.28;02
543;D;2022-02-19;Home;40.0;25.9;4-2-3-1;4.0;18.3;73.2;12.0;14.0;70.56;4-2-3-1;546.95;02
544;D;2022-02-26;Home;56.0;25.9;4-2-3-1;4.0;23.0;78.4;9.0;13.0;70.56;3-4-3;186.2;02
545;L;2022-03-04;Away;40.0;25.9;4-2-3-1;3.0;17.5;82.5;8.0;7.0;70.56;;;03
546;D;2022-03-12;Home;47.0;25.9;4-2-3-1;5.0;16.3;82.0;10.0;14.0;70.56;4-2-3-1;251.0;03
547;L;2022-03-20;Away;43.0;25.9;4-2-3-1;4.0;22.6;82.1;11.0;13.0;70.56;4-4-2;642.5;03
548;L;2022-04-02;Home;54.0;25.9;3-4-3;3.0;17.0;66.7;8.0;15.0;70.56;3-4-3;223.4;04
549;L;2022-04-10;Away;33.0;25.9;3-5-2;3.0;20.2;72.0;11.0;23.0;70.56;3-4-3;381.25;04
550;W;2022-04-16;Away;33.0;25.9;3-5-2;2.0;19.8;70.0;13.0;23.0;70.56;4-3-1-2;128.55;04
551;W;2022-04-20;Away;46.0;25.9;3-5-2;3.0;18.9;71.2;11.0;14.0;70.56;3-5-2;142.3;04
552;W;2022-04-24;Home;28.0;25.9;3-5-2;4.0;18.6;63.4;6.0;15.0;70.56;4-3-3;325.8;04
553;D;2022-05-02;Away;38.0;25.9;3-5-2;9.0;22.3;69.9;16.0;9.0;70.56;3-4-3;398.75;05
554;W;2022-05-05;Home;42.0;25.9;3-5-2;3.0;16.4;71.2;12.0;12.0;70.56;3-4-3;80.98;05
555;D;2022-05-08;Home;48.0;25.9;3-5-1-1;1.0;20.6;73.9;3.0;12.0;70.56;3-5-2;134.53;05
556;D;2022-05-14;Away;54.0;25.9;3-5-1-1;7.0;15.5;79.0;7.0;8.0;70.56;4-3-1-2;126.5;05
557;L;2022-05-22;Home;53.0;25.9;3-5-2;10.0;16.9;85.4;12.0;11.0;70.56;3-5-2;142.3;05
558;W;2021-08-16;Home;56.0;26.2;4-2-3-1;6.0;;;18.0;19.0;128.55;;;08
559;L;2021-08-23;Home;50.0;26.2;4-4-2;3.0;18.3;75.6;7.0;17.0;128.55;4-2-3-1;546.95;08
560;D;2021-08-29;Away;37.0;26.2;4-2-3-1;2.0;24.2;69.0;13.0;14.0;128.55;4-2-3-1;251.0;08
561;D;2021-09-12;Home;52.0;26.2;4-4-2;2.0;14.9;79.5;11.0;12.0;128.55;;;09
562;W;2021-09-19;Away;46.0;26.2;4-4-2;7.0;18.7;72.6;11.0;10.0;128.55;4-3-1-2;126.5;09
563;L;2021-09-23;Home;48.0;26.2;4-4-2;5.0;20.8;81.2;9.0;10.0;128.55;4-3-3;477.23;09
564;L;2021-09-26;Away;50.0;26.2;4-4-2;3.0;16.8;78.9;12.0;16.0;128.55;4-4-2;642.5;09
565;D;2021-10-03;Home;54.0;26.2;4-4-2;2.0;19.8;80.6;18.0;12.0;128.55;3-5-2;142.3;10
566;L;2021-10-17;Away;59.0;26.2;4-4-1-1;3.0;18.3;76.4;6.0;18.0;128.55;4-4-2;134.53;10
567;W;2021-10-22;Home;30.0;26.2;4-4-2;2.0;19.7;64.0;20.0;9.0;128.55;4-2-3-1;78.5;10
568;L;2021-10-27;Home;41.0;26.2;4-3-3;3.0;18.0;68.1;24.0;15.0;128.55;3-4-3;398.75;10
569;L;2021-10-30;Away;36.0;26.2;3-1-4-2;1.0;17.6;66.7;16.0;8.0;128.55;3-4-3;223.4;10
570;L;2021-11-07;Home;47.0;26.2;4-4-2;4.0;16.4;68.8;15.0;14.0;128.55;3-4-3;186.2;11
571;W;2021-11-21;Away;45.0;26.2;4-4-2;6.0;19.8;73.3;14.0;19.0;128.55;4-1-2-1-2◆;70.56;11
572;W;2021-11-27;Home;42.0;26.2;4-4-2;5.0;18.0;67.3;17.0;13.0;128.55;;;11
573;L;2021-11-30;Away;40.0;26.2;4-4-2;4.0;16.2;75.5;15.0;16.0;128.55;4-3-3;325.8;11
574;L;2021-12-05;Home;49.0;26.2;4-4-2;5.0;14.3;79.1;10.0;13.0;128.55;4-3-3;264.48;12
575;W;2021-12-10;Away;47.0;26.2;4-4-2;5.0;14.9;67.8;9.0;17.0;128.55;3-5-2;121.28;12
576;W;2021-12-16;Home;35.0;26.2;4-4-1-1;3.0;;;19.0;20.0;128.55;3-4-3;223.4;12
577;D;2021-12-19;Home;49.0;26.2;4-3-1-2;7.0;20.4;73.6;9.0;8.0;128.55;4-3-3;80.98;12
578;D;2021-12-22;Away;45.0;26.2;4-4-2;2.0;17.5;78.9;13.0;8.0;128.55;3-1-4-2;381.25;12
579;L;2022-01-06;Home;49.0;26.2;4-4-2;1.0;13.6;73.1;5.0;12.0;128.55;3-5-2;134.53;01
580;L;2022-01-09;Away;32.0;26.2;4-4-2;1.0;21.7;76.3;11.0;11.0;128.55;4-2-3-1;477.23;01
581;L;2022-01-15;Home;37.0;26.2;4-2-3-1;2.0;17.8;61.4;11.0;12.0;128.55;3-4-3;223.4;01
582;L;2022-01-18;Away;37.0;26.2;3-1-4-2;1.0;;;10.0;8.0;128.55;4-4-1-1;642.5;01
583;L;2022-01-23;Away;59.0;26.2;4-3-1-2;0.0;22.1;77.8;13.0;12.0;128.55;4-1-4-1;78.5;01
584;W;2022-02-06;Home;39.0;26.2;4-3-1-2;6.0;13.1;75.2;18.0;15.0;128.55;4-2-3-1;251.0;02
585;L;2022-02-13;Away;50.0;26.2;4-4-1-1;1.0;16.9;81.0;13.0;11.0;128.55;4-2-3-1;546.95;02
586;W;2022-02-19;Home;42.0;26.2;4-3-1-2;3.0;14.5;74.7;7.0;15.0;128.55;4-3-1-2;126.5;02
587;L;2022-02-28;Away;44.0;26.2;3-4-1-2;1.0;19.4;77.9;13.0;9.0;128.55;4-2-3-1;398.75;02
588;L;2022-03-05;Away;57.0;26.2;4-1-2-1-2◆;4.0;13.9;77.1;12.0;14.0;128.55;3-5-2;142.3;03
589;L;2022-03-12;Home;49.0;26.2;4-1-2-1-2◆;4.0;21.4;86.3;8.0;7.0;128.55;4-4-2;642.5;03
590;W;2022-03-20;Away;54.0;26.2;4-3-1-2;4.0;17.2;75.1;5.0;17.0;128.55;4-2-3-1;80.98;03
591;L;2022-04-03;Home;49.0;26.2;4-1-3-2;3.0;20.7;76.1;10.0;15.0;128.55;3-4-3;381.25;04
592;L;2022-04-11;Away;48.0;26.2;4-1-3-2;2.0;23.2;80.6;13.0;11.0;128.55;3-5-2;186.2;04
593;L;2022-04-16;Home;67.0;26.2;4-3-1-2;1.0;16.2;82.1;6.0;18.0;128.55;3-5-2;70.56;04
594;D;2022-04-23;Away;43.0;26.2;4-1-4-1;2.0;27.3;65.5;7.0;15.0;128.55;;;04
595;W;2022-04-30;Home;49.0;26.2;4-1-4-1;2.0;17.1;66.6;17.0;13.0;128.55;4-2-3-1;121.28;04
596;L;2022-05-07;Away;39.0;26.2;4-1-4-1;2.0;19.9;79.7;10.0;9.0;128.55;4-3-3;264.48;05
597;W;2022-05-16;Home;37.0;26.2;4-1-4-1;5.0;14.8;74.5;8.0;18.0;128.55;4-3-3;325.8;05
598;L;2022-05-22;Away;42.0;26.2;4-1-4-1;3.0;15.2;88.2;6.0;12.0;128.55;;;05
599;W;2021-08-21;Away;60.0;25.0;4-2-3-1;7.0;19.6;88.0;5.0;12.0;251.0;;;08
600;D;2021-08-29;Home;63.0;25.0;4-2-3-1;5.0;19.3;83.4;9.0;8.0;251.0;4-2-3-1;128.55;08
601;L;2021-09-12;Away;51.0;25.0;4-2-3-1;7.0;17.6;85.9;12.0;11.0;251.0;4-2-3-1;381.25;09
602;L;2021-09-17;Home;53.0;25.0;4-2-3-1;2.0;18.6;77.9;10.0;7.0;251.0;3-4-3;223.4;09
603;L;2021-09-21;Away;52.0;25.0;4-1-4-1;1.0;17.4;78.5;8.0;16.0;251.0;3-4-1-2;398.75;09
604;W;2021-09-26;Home;57.0;25.0;4-2-3-1;6.0;20.8;82.6;17.0;16.0;251.0;4-1-2-1-2◆;70.56;09
605;L;2021-10-02;Home;55.0;25.0;4-2-3-1;7.0;19.6;81.5;9.0;10.0;251.0;;;10
606;D;2021-10-17;Away;57.0;25.0;4-2-3-1;5.0;16.7;84.2;4.0;18.0;251.0;3-5-2;121.28;10
607;W;2021-10-23;Home;63.0;25.0;4-2-3-1;7.0;14.1;88.4;14.0;11.0;251.0;4-4-2;80.98;10
608;W;2021-10-27;Away;43.0;25.0;4-3-3;4.0;18.8;81.8;7.0;15.0;251.0;4-4-2;642.5;10
609;L;2021-10-31;Home;57.0;25.0;4-3-3;5.0;19.5;86.1;13.0;16.0;251.0;4-3-1-2;126.5;10
610;L;2021-11-07;Away;63.0;25.0;4-3-3;4.0;17.3;82.8;8.0;15.0;251.0;4-4-2;142.3;11
611;D;2021-11-21;Home;59.0;25.0;4-3-3;3.0;17.7;86.1;5.0;13.0;251.0;4-2-3-1;134.53;11
612;W;2021-11-28;Away;50.0;25.0;4-3-3;5.0;18.5;80.4;9.0;7.0;251.0;4-2-3-1;546.95;11
613;D;2021-12-01;Home;50.0;25.0;4-3-3;7.0;21.5;85.5;6.0;10.0;251.0;4-3-3;477.23;12
614;D;2021-12-05;Away;65.0;25.0;4-3-3;6.0;21.4;86.4;5.0;9.0;251.0;4-4-2;78.5;12
615;W;2021-12-12;Home;59.0;25.0;4-2-3-1;6.0;18.8;86.5;6.0;9.0;251.0;4-3-3;264.48;12
616;D;2021-12-19;Away;43.0;25.0;4-2-3-1;4.0;17.7;80.1;6.0;14.0;251.0;4-3-3;325.8;12
617;L;2021-12-22;Home;60.0;25.0;4-3-3;5.0;21.3;85.2;7.0;14.0;251.0;3-5-2;186.2;12
618;D;2022-01-06;Home;74.0;25.0;4-2-3-1;7.0;19.6;88.2;11.0;8.0;251.0;3-5-2;121.28;01
619;W;2022-01-09;Away;55.0;25.0;4-2-3-1;12.0;19.8;86.1;10.0;15.0;251.0;4-3-1-2;126.5;01
620;L;2022-01-16;Home;56.0;25.0;4-2-3-1;5.0;21.2;76.1;4.0;6.0;251.0;;;01
621;W;2022-01-19;Home;54.0;25.0;4-2-3-1;6.0;;;10.0;9.0;251.0;3-5-2;134.53;01
622;D;2022-01-23;Away;50.0;25.0;4-3-3;1.0;18.6;74.9;6.0;15.0;251.0;3-4-3;223.4;01
623;L;2022-02-06;Away;61.0;25.0;4-2-3-1;9.0;17.5;82.8;6.0;16.0;251.0;4-3-1-2;128.55;02
624;L;2022-02-10;Away;55.0;25.0;4-2-3-1;6.0;;;8.0;9.0;251.0;4-2-3-1;642.5;02
625;D;2022-02-13;Home;46.0;25.0;4-3-3;3.0;18.1;79.4;7.0;13.0;251.0;3-4-1-2;381.25;02
626;W;2022-02-20;Away;41.0;25.0;4-2-3-1;5.0;15.9;80.8;13.0;12.0;251.0;;;02
627;W;2022-02-26;Home;50.0;25.0;4-2-3-1;6.0;16.7;81.1;11.0;12.0;251.0;4-3-3;325.8;02
628;W;2022-03-06;Away;55.0;25.0;4-2-3-1;7.0;18.4;82.2;6.0;15.0;251.0;4-3-1-2;80.98;03
629;D;2022-03-12;Away;53.0;25.0;4-2-3-1;7.0;17.7;85.1;10.0;15.0;251.0;4-2-3-1;70.56;03
630;W;2022-03-18;Home;58.0;25.0;4-3-3;6.0;20.8;84.2;9.0;14.0;251.0;4-3-2-1;78.5;03
631;L;2022-04-02;Away;47.0;25.0;4-2-3-1;5.0;19.0;89.1;4.0;8.0;251.0;4-3-3;264.48;04
632;W;2022-04-10;Home;50.0;25.0;4-2-3-1;7.0;18.0;83.1;11.0;18.0;251.0;3-4-3;398.75;04
633;L;2022-04-16;Away;63.0;25.0;4-2-3-1;2.0;20.1;78.7;10.0;11.0;251.0;3-5-2;134.53;04
634;L;2022-04-25;Home;63.0;25.0;4-2-3-1;7.0;19.0;88.7;7.0;15.0;251.0;4-4-2;642.5;04
635;L;2022-04-30;Away;47.0;25.0;4-2-3-1;4.0;17.5;87.8;6.0;9.0;251.0;4-2-3-1;477.23;04
636;D;2022-05-07;Home;59.0;25.0;4-3-3;5.0;17.6;85.3;8.0;10.0;251.0;3-5-2;142.3;05
637;W;2022-05-15;Away;45.0;25.0;4-2-3-1;7.0;15.1;80.3;7.0;10.0;251.0;3-5-2;186.2;05
638;L;2022-05-22;Home;53.0;25.0;4-3-3;3.0;25.1;85.1;8.0;8.0;251.0;4-2-3-1;546.95;05
639;W;2021-08-13;Away;60.0;23.6;3-4-3;6.0;;;15.0;18.0;78.5;;;08
640;D;2021-08-23;Away;42.0;23.6;3-4-3;4.0;23.2;74.6;10.0;15.0;78.5;3-4-3;134.53;08
641;L;2021-08-28;Away;39.0;23.6;3-4-3;2.0;22.8;80.9;6.0;9.0;78.5;4-3-3;264.48;08
642;L;2021-09-12;Home;56.0;23.6;4-3-3;5.0;21.1;83.3;3.0;12.0;78.5;3-5-2;142.3;09
643;W;2021-09-19;Away;55.0;23.6;4-2-3-1;3.0;22.1;76.0;10.0;10.0;78.5;4-4-2;80.98;09
644;L;2021-09-22;Home;40.0;23.6;4-2-3-1;4.0;20.1;78.6;4.0;14.0;78.5;4-4-2;642.5;09
645;L;2021-09-25;Home;37.0;23.6;4-1-4-1;2.0;19.2;74.5;9.0;12.0;78.5;4-2-3-1;546.95;09
646;L;2021-10-03;Away;55.0;23.6;4-2-3-1;4.0;16.3;83.8;12.0;11.0;78.5;;;10
647;W;2021-10-16;Home;58.0;23.6;4-2-3-1;5.0;16.6;74.5;7.0;13.0;78.5;4-3-1-2;70.56;10
648;L;2021-10-22;Away;70.0;23.6;4-2-3-1;7.0;19.7;81.8;7.0;9.0;78.5;4-4-2;128.55;10
649;D;2021-10-26;Home;48.0;23.6;4-2-3-1;3.0;20.9;71.5;16.0;12.0;78.5;4-1-4-1;121.28;10
650;L;2021-10-31;Away;45.0;23.6;4-2-3-1;0.0;24.7;80.7;10.0;20.0;78.5;4-3-3;325.8;10
651;W;2021-11-06;Home;41.0;23.6;4-2-3-1;3.0;19.7;68.5;10.0;15.0;78.5;3-4-3;223.4;11
652;L;2021-11-20;Away;49.0;23.6;3-5-1-1;5.0;20.8;79.5;4.0;11.0;78.5;3-4-3;398.75;11
653;L;2021-11-28;Home;43.0;23.6;4-3-3;5.0;18.1;77.4;8.0;15.0;78.5;3-4-3;186.2;11
654;L;2021-12-01;Away;37.0;23.6;5-3-2;4.0;20.2;80.7;8.0;10.0;78.5;;;12
655;D;2021-12-05;Home;35.0;23.6;4-4-2;4.0;11.7;72.5;10.0;11.0;78.5;4-3-3;251.0;12
656;L;2021-12-13;Away;48.0;23.6;3-5-2;2.0;15.2;81.5;7.0;7.0;78.5;3-5-2;381.25;12
657;L;2021-12-16;Home;55.0;23.6;3-5-1-1;4.0;;;16.0;17.0;78.5;;;12
658;D;2021-12-19;Home;35.0;23.6;3-5-2;2.0;11.2;72.1;14.0;20.0;78.5;4-3-1-2;126.5;12
659;W;2021-12-22;Away;35.0;23.6;3-5-2;0.0;26.7;72.6;8.0;12.0;78.5;4-2-3-1;477.23;12
660;L;2022-01-06;Home;40.0;23.6;4-1-4-1;3.0;17.2;64.6;14.0;14.0;78.5;;;01
661;W;2022-01-09;Away;47.0;23.6;4-3-3;9.0;19.5;75.2;8.0;15.0;78.5;3-5-2;121.28;01
662;W;2022-01-17;Away;40.0;23.6;4-3-3;6.0;15.3;74.7;11.0;17.0;78.5;4-2-3-1;546.95;01
663;W;2022-01-23;Home;41.0;23.6;4-1-4-1;2.0;18.9;71.1;12.0;24.0;78.5;4-3-1-2;128.55;01
664;D;2022-02-07;Away;43.0;23.6;4-2-3-1;0.0;24.3;73.9;8.0;19.0;78.5;4-3-2-1;70.56;02
665;L;2022-02-14;Home;34.0;23.6;4-2-3-1;1.0;19.8;69.4;11.0;17.0;78.5;4-3-3;325.8;02
666;L;2022-02-21;Away;39.0;23.6;4-2-3-1;2.0;23.2;71.3;15.0;13.0;78.5;3-4-3;186.2;02
667;L;2022-02-27;Home;35.0;23.6;4-3-3;3.0;22.1;76.2;8.0;13.0;78.5;3-4-3;381.25;02
668;L;2022-03-06;Away;44.0;23.6;4-2-3-1;4.0;20.1;82.0;11.0;12.0;78.5;4-4-2;642.5;03
669;W;2022-03-12;Home;43.0;23.6;4-3-3;6.0;14.6;61.1;6.0;10.0;78.5;3-4-1-2;134.53;03
670;L;2022-03-18;Away;42.0;23.6;4-3-2-1;1.0;16.3;77.6;10.0;16.0;78.5;4-3-3;251.0;03
671;W;2022-04-02;Home;52.0;23.6;4-3-3;4.0;16.7;73.8;16.0;15.0;78.5;4-3-3;80.98;04
672;D;2022-04-09;Away;42.0;23.6;4-2-3-1;4.0;13.5;68.3;10.0;18.0;78.5;4-3-1-2;126.5;04
673;L;2022-04-15;Home;33.0;23.6;4-2-3-1;2.0;15.8;67.6;22.0;9.0;78.5;;;04
674;L;2022-04-23;Away;45.0;23.6;5-4-1;1.0;25.2;72.0;7.0;13.0;78.5;3-4-3;223.4;04
675;L;2022-04-30;Home;30.0;23.6;4-2-3-1;3.0;15.3;64.3;7.0;15.0;78.5;4-3-3;264.48;04
676;L;2022-05-08;Home;35.0;23.6;4-4-2;1.0;16.6;69.1;13.0;10.0;78.5;3-4-3;398.75;05
677;W;2022-05-14;Away;39.0;23.6;4-2-3-1;7.0;16.9;68.6;8.0;10.0;78.5;3-5-2;142.3;05
678;L;2022-05-22;Home;32.0;23.6;4-2-3-1;4.0;17.2;82.0;12.0;10.0;78.5;4-2-3-1;477.23;05
679;D;2021-08-15;Home;61.0;24.8;3-4-3;7.0;;;4.0;25.0;223.4;;;08
680;L;2021-08-21;Home;48.0;24.8;3-4-3;7.0;20.0;71.4;13.0;17.0;223.4;3-4-3;398.75;08
681;L;2021-08-28;Away;42.0;24.8;3-4-1-2;1.0;13.2;69.9;13.0;28.0;223.4;4-3-3;325.8;08
682;W;2021-09-12;Home;59.0;24.8;3-4-3;7.0;11.9;81.2;14.0;10.0;223.4;3-5-2;70.56;09
683;W;2021-09-17;Away;47.0;24.8;3-4-3;4.0;17.3;78.7;11.0;19.0;223.4;4-2-3-1;251.0;09
684;D;2021-09-23;Home;45.0;24.8;3-4-3;5.0;18.4;73.6;15.0;19.0;223.4;4-3-3;264.48;09
685;D;2021-09-27;Away;56.0;24.8;3-4-3;3.0;19.0;79.3;19.0;18.0;223.4;4-4-2;80.98;09
686;L;2021-10-02;Home;48.0;24.8;3-4-3;2.0;19.5;73.9;15.0;20.0;223.4;4-4-2;642.5;10
687;L;2021-10-17;Away;49.0;24.8;3-4-1-2;3.0;19.0;72.6;9.0;20.0;223.4;4-2-3-1;477.23;10
688;W;2021-10-22;Home;58.0;24.8;3-4-3;6.0;17.9;75.5;11.0;20.0;223.4;4-4-1-1;121.28;10
689;L;2021-10-26;Away;55.0;24.8;3-4-3;2.0;18.5;78.1;15.0;21.0;223.4;4-2-3-1;546.95;10
690;W;2021-10-30;Home;64.0;24.8;3-4-3;5.0;14.8;81.6;11.0;19.0;223.4;3-1-4-2;128.55;10
691;L;2021-11-06;Away;59.0;24.8;3-4-3;1.0;15.8;78.9;14.0;17.0;223.4;4-2-3-1;78.5;11
692;W;2021-11-22;Home;51.0;24.8;3-4-3;3.0;15.0;75.3;16.0;19.0;223.4;3-4-3;142.3;11
693;L;2021-11-28;Away;68.0;24.8;3-4-3;3.0;16.6;82.7;15.0;11.0;223.4;3-1-4-2;381.25;11
694;D;2021-12-02;Home;41.0;24.8;3-4-3;3.0;15.5;75.0;10.0;9.0;223.4;4-3-1-2;126.5;12
695;D;2021-12-06;Away;51.0;24.8;3-4-3;3.0;14.7;69.6;10.0;24.0;223.4;3-5-2;134.53;12
696;W;2021-12-12;Home;49.0;24.8;3-4-3;7.0;19.5;74.1;2.0;16.0;223.4;3-4-3;186.2;12
697;L;2021-12-16;Away;65.0;24.8;3-4-3;4.0;;;9.0;15.0;223.4;4-4-1-1;128.55;12
698;W;2021-12-19;Home;66.0;24.8;3-4-3;1.0;17.8;80.2;5.0;15.0;223.4;;;12
699;L;2021-12-22;Away;46.0;24.8;3-4-3;3.0;20.9;75.4;12.0;17.0;223.4;;;12
700;W;2022-01-10;Home;45.0;24.8;3-4-3;6.0;14.0;73.8;10.0;16.0;223.4;4-3-3;325.8;01
701;W;2022-01-15;Away;63.0;24.8;3-4-3;12.0;17.7;77.3;10.0;14.0;223.4;4-2-3-1;128.55;01
702;D;2022-01-23;Home;50.0;24.8;3-4-3;6.0;15.9;76.0;6.0;21.0;223.4;4-3-3;251.0;01
703;L;2022-02-06;Away;59.0;24.8;3-4-3;1.0;17.2;75.0;10.0;21.0;223.4;3-5-2;142.3;02
704;L;2022-02-12;Home;66.0;24.8;3-4-3;2.0;17.1;76.0;9.0;14.0;223.4;4-3-1-2;80.98;02
705;D;2022-02-18;Away;54.0;24.8;3-4-3;3.0;16.8;77.4;8.0;19.0;223.4;4-3-2-1;642.5;02
706;L;2022-02-27;Home;56.0;24.8;3-4-3;6.0;19.1;67.8;9.0;16.0;223.4;3-5-2;134.53;02
707;D;2022-03-06;Away;49.0;24.8;3-4-3;2.0;19.8;70.0;10.0;16.0;223.4;3-4-3;186.2;03
708;D;2022-03-13;Home;44.0;24.8;3-4-3;4.0;13.6;75.5;12.0;15.0;223.4;;;03
709;L;2022-03-18;Away;74.0;24.8;3-4-3;3.0;11.1;85.6;12.0;17.0;223.4;4-2-3-1;121.28;03
710;W;2022-04-02;Away;46.0;24.8;3-4-3;4.0;18.4;73.2;20.0;21.0;223.4;3-4-3;70.56;04
711;D;2022-04-10;Home;44.0;24.8;3-4-3;3.0;19.5;72.6;12.0;18.0;223.4;4-2-3-1;546.95;04
712;D;2022-04-16;Away;52.0;24.8;3-4-3;3.0;13.1;86.6;11.0;12.0;223.4;4-3-3;264.48;04
713;W;2022-04-23;Home;55.0;24.8;3-4-3;5.0;15.6;80.2;12.0;9.0;223.4;5-4-1;78.5;04
714;D;2022-04-27;Away;51.0;24.8;3-4-3;2.0;23.9;78.5;12.0;11.0;223.4;3-4-3;398.75;04
715;W;2022-05-01;Away;60.0;24.8;3-4-3;1.0;20.9;80.0;10.0;11.0;223.4;4-3-1-2;126.5;05
716;L;2022-05-07;Home;43.0;24.8;3-4-3;3.0;21.5;77.3;4.0;18.0;223.4;4-2-3-1;477.23;05
717;W;2022-05-14;Away;53.0;24.8;3-4-3;5.0;16.7;74.7;10.0;18.0;223.4;;;05
718;L;2022-05-20;Home;58.0;24.8;3-4-3;2.0;19.9;83.5;6.0;10.0;223.4;3-4-3;381.25;05
719;W;2021-08-13;Home;53.0;25.0;3-5-2;8.0;;;11.0;14.0;142.3;;;08
720;D;2021-08-22;Home;44.0;25.0;3-5-1-1;5.0;18.3;81.9;8.0;13.0;142.3;4-4-2;642.5;08
721;W;2021-08-27;Home;45.0;25.0;3-5-1-1;10.0;17.3;77.5;13.0;11.0;142.3;4-3-3;80.98;08
722;W;2021-09-12;Away;44.0;25.0;3-5-2;4.0;19.8;81.7;10.0;14.0;142.3;4-3-3;78.5;09
723;L;2021-09-20;Home;38.0;25.0;3-5-2;1.0;26.3;85.3;8.0;10.0;142.3;4-3-3;477.23;09
724;L;2021-09-23;Away;49.0;25.0;3-5-2;2.0;16.8;81.6;13.0;8.0;142.3;4-2-3-1;381.25;09
725;L;2021-09-26;Home;46.0;25.0;3-5-2;5.0;19.4;83.8;4.0;14.0;142.3;4-3-3;325.8;09
726;D;2021-10-03;Away;46.0;25.0;3-5-2;7.0;14.8;76.2;9.0;15.0;142.3;4-4-2;128.55;10
727;D;2021-10-17;Home;41.0;25.0;3-5-2;2.0;14.9;78.3;7.0;15.0;142.3;3-4-3;186.2;10
728;D;2021-10-24;Away;32.0;25.0;5-4-1;3.0;15.7;71.5;14.0;15.0;142.3;3-4-3;398.75;10
729;D;2021-10-27;Home;34.0;25.0;3-4-3;5.0;17.7;65.2;11.0;13.0;142.3;;;10
730;L;2021-10-31;Away;34.0;25.0;3-4-3;5.0;19.9;76.0;10.0;11.0;142.3;;;10
731;W;2021-11-07;Home;37.0;25.0;4-4-2;2.0;22.9;74.0;19.0;14.0;142.3;4-3-3;251.0;11
732;L;2021-11-22;Away;49.0;25.0;3-4-3;7.0;18.0;75.1;5.0;17.0;142.3;3-4-3;223.4;11
733;D;2021-11-28;Home;44.0;25.0;3-4-3;3.0;18.5;74.5;7.0;18.0;142.3;3-5-2;121.28;11
734;D;2021-12-02;Away;38.0;25.0;4-4-2;5.0;17.1;78.2;9.0;11.0;142.3;4-3-3;264.48;12
735;L;2021-12-06;Away;42.0;25.0;4-4-2;7.0;16.9;78.6;10.0;18.0;142.3;4-3-1-2;126.5;12
736;D;2021-12-11;Home;34.0;25.0;3-5-2;6.0;15.0;70.9;12.0;17.0;142.3;4-2-3-1;546.95;12
737;W;2021-12-14;Home;55.0;25.0;3-5-2;7.0;;;10.0;14.0;142.3;;;12
738;W;2021-12-18;Away;45.0;25.0;3-5-2;5.0;20.7;78.6;5.0;14.0;142.3;3-5-2;134.53;12
739;L;2022-01-09;Home;40.0;25.0;5-4-1;4.0;19.8;76.5;6.0;9.0;142.3;3-4-3;398.75;01
740;L;2022-01-15;Away;34.0;25.0;3-5-2;3.0;19.9;77.6;10.0;10.0;142.3;4-4-2;642.5;01
741;L;2022-01-18;Away;35.0;25.0;3-5-2;3.0;;;16.0;14.0;142.3;4-3-3;264.48;01
742;D;2022-01-22;Away;49.0;25.0;3-5-2;0.0;11.9;57.9;6.0;17.0;142.3;4-3-3;121.28;01
743;W;2022-02-06;Home;41.0;25.0;3-5-2;2.0;23.6;62.8;9.0;12.0;142.3;3-4-3;223.4;02
744;L;2022-02-13;Away;57.0;25.0;3-5-2;6.0;19.1;73.5;14.0;7.0;142.3;;;02
745;D;2022-02-20;Home;41.0;25.0;3-5-2;2.0;18.5;80.7;7.0;22.0;142.3;4-3-3;264.48;02
746;D;2022-02-25;Away;38.0;25.0;3-5-2;6.0;14.1;75.2;10.0;17.0;142.3;4-2-3-1;546.95;02
747;W;2022-03-05;Home;43.0;25.0;3-5-2;5.0;15.3;69.3;12.0;20.0;142.3;4-1-2-1-2◆;128.55;03
748;D;2022-03-13;Home;37.0;25.0;3-5-2;5.0;19.9;74.5;13.0;16.0;142.3;3-5-2;381.25;03
749;L;2022-03-19;Away;37.0;25.0;3-5-2;3.0;20.5;74.4;6.0;12.0;142.3;4-3-3;477.23;03
750;W;2022-04-03;Home;51.0;25.0;3-5-2;11.0;15.0;82.8;10.0;19.0;142.3;3-5-1-1;134.53;04
751;W;2022-04-10;Away;48.0;25.0;3-5-2;4.0;15.3;70.1;9.0;11.0;142.3;4-3-2-1;80.98;04
752;W;2022-04-16;Home;40.0;25.0;3-5-2;5.0;18.3;73.8;16.0;19.0;142.3;4-3-1-2;126.5;04
753;L;2022-04-20;Home;54.0;25.0;3-5-2;3.0;18.2;71.9;5.0;20.0;142.3;3-5-2;70.56;04
754;D;2022-04-24;Away;45.0;25.0;3-5-2;5.0;17.0;77.9;7.0;22.0;142.3;3-5-2;186.2;04
755;W;2022-04-27;Away;28.0;25.0;3-5-2;8.0;13.9;62.9;4.0;22.0;142.3;4-3-3;325.8;04
756;L;2022-05-01;Home;48.0;25.0;3-5-2;3.0;19.8;83.4;8.0;12.0;142.3;;;05
757;D;2022-05-07;Away;41.0;25.0;3-5-2;6.0;14.9;78.7;5.0;18.0;142.3;4-3-3;251.0;05
758;L;2022-05-14;Home;61.0;25.0;3-5-2;6.0;14.9;82.8;13.0;19.0;142.3;4-2-3-1;78.5;05
759;W;2022-05-22;Away;47.0;25.0;3-5-2;10.0;21.4;81.5;7.0;12.0;142.3;3-5-2;70.56;05
760;W;2021-08-14;Home;60.0;25.0;3-4-1-2;4.0;;;9.0;14.0;134.53;;;08
761;D;2021-08-23;Home;58.0;25.0;3-4-3;7.0;15.0;77.8;11.0;17.0;134.53;3-4-3;78.5;08
762;L;2021-08-29;Away;43.0;25.0;3-5-2;2.0;13.2;84.4;4.0;11.0;134.53;4-2-3-1;546.95;08
763;L;2021-09-12;Home;52.0;25.0;3-5-2;2.0;17.5;80.9;4.0;15.0;134.53;3-5-2;121.28;09
764;D;2021-09-19;Away;27.0;25.0;3-5-2;3.0;16.0;65.3;19.0;11.0;134.53;4-3-3;264.48;09
765;L;2021-09-22;Home;50.0;25.0;3-5-2;1.0;17.0;75.8;9.0;15.0;134.53;4-3-1-2;126.5;09
766;L;2021-09-26;Away;33.0;25.0;4-2-3-1;1.0;22.3;77.4;14.0;10.0;134.53;4-3-3;477.23;09
767;D;2021-10-01;Home;42.0;25.0;3-5-2;3.0;23.7;77.0;9.0;15.0;134.53;4-4-2;80.98;10
768;W;2021-10-17;Home;41.0;25.0;4-4-2;5.0;18.6;66.1;4.0;14.0;134.53;4-4-1-1;128.55;10
769;L;2021-10-24;Away;35.0;25.0;4-4-2;1.0;21.7;74.5;11.0;15.0;134.53;4-3-3;325.8;10
770;L;2021-10-27;Home;42.0;25.0;3-5-2;5.0;15.2;73.3;9.0;16.0;134.53;4-2-3-1;381.25;10
771;L;2021-11-01;Away;43.0;25.0;5-3-2;2.0;23.2;82.3;7.0;9.0;134.53;3-4-3;186.2;11
772;L;2021-11-06;Home;38.0;25.0;4-4-2;1.0;17.4;73.1;15.0;11.0;134.53;3-4-3;398.75;11
773;D;2021-11-21;Away;41.0;25.0;4-2-3-1;3.0;16.4;75.0;8.0;10.0;134.53;4-3-3;251.0;11
774;D;2021-11-26;Home;57.0;25.0;3-5-2;3.0;15.8;78.9;6.0;13.0;134.53;4-3-1-2;70.56;11
775;D;2021-11-30;Away;31.0;25.0;3-5-2;4.0;21.1;58.2;10.0;12.0;134.53;;;11
776;D;2021-12-06;Home;49.0;25.0;3-5-2;2.0;15.3;66.0;9.0;12.0;134.53;3-4-3;223.4;12
777;L;2021-12-12;Away;25.0;25.0;3-5-2;2.0;18.4;73.0;8.0;13.0;134.53;;;12
778;W;2021-12-15;Home;52.0;25.0;3-5-2;7.0;;;6.0;13.0;134.53;;;12
779;L;2021-12-18;Home;55.0;25.0;3-5-2;2.0;18.4;80.8;12.0;12.0;134.53;3-5-2;142.3;12
780;L;2021-12-21;Away;37.0;25.0;5-3-2;1.0;11.4;73.5;10.0;12.0;134.53;4-3-3;642.5;12
781;W;2022-01-06;Away;51.0;25.0;3-5-2;7.0;15.4;76.3;6.0;17.0;134.53;4-4-2;128.55;01
782;W;2022-01-11;Home;52.0;25.0;3-5-2;4.0;16.5;73.1;17.0;12.0;134.53;3-1-4-2;186.2;01
783;L;2022-01-16;Away;43.0;25.0;3-5-2;2.0;18.6;72.3;12.0;18.0;134.53;4-2-3-1;381.25;01
784;L;2022-01-19;Away;46.0;25.0;3-5-2;3.0;;;10.0;13.0;134.53;4-2-3-1;251.0;01
785;D;2022-01-23;Home;41.0;25.0;3-5-2;1.0;14.4;65.0;9.0;21.0;134.53;4-3-3;325.8;01
786;W;2022-02-06;Away;39.0;25.0;3-1-4-2;4.0;17.7;74.0;12.0;14.0;134.53;4-2-3-1;398.75;02
787;D;2022-02-13;Away;54.0;25.0;3-1-4-2;4.0;18.5;71.3;11.0;14.0;134.53;4-3-1-2;126.5;02
788;D;2022-02-21;Home;47.0;25.0;3-5-2;5.0;12.7;69.2;11.0;17.0;134.53;3-4-3;477.23;02
789;W;2022-02-27;Away;44.0;25.0;3-5-2;5.0;12.9;57.3;9.0;20.0;134.53;3-4-3;223.4;02
790;L;2022-03-05;Home;45.0;25.0;3-4-1-2;3.0;20.1;73.9;23.0;10.0;134.53;4-3-3;264.48;03
791;L;2022-03-12;Away;57.0;25.0;3-4-1-2;1.0;20.0;70.5;14.0;18.0;134.53;4-3-3;78.5;03
792;L;2022-03-19;Home;42.0;25.0;3-1-4-2;1.0;16.4;65.8;16.0;13.0;134.53;4-2-3-1;546.95;03
793;L;2022-04-03;Away;49.0;25.0;3-5-1-1;3.0;19.0;76.9;13.0;15.0;134.53;3-5-2;142.3;04
794;L;2022-04-09;Home;40.0;25.0;3-5-2;1.0;24.9;67.4;8.0;19.0;134.53;4-4-2;642.5;04
795;W;2022-04-16;Home;37.0;25.0;3-5-2;8.0;18.0;64.1;15.0;16.0;134.53;4-2-3-1;251.0;04
796;L;2022-04-24;Away;45.0;25.0;3-5-2;1.0;16.8;51.4;16.0;18.0;134.53;4-2-3-1;121.28;04
797;L;2022-04-30;Home;59.0;25.0;3-5-2;5.0;16.8;72.1;5.0;16.0;134.53;;;04
798;D;2022-05-08;Away;52.0;25.0;3-5-2;3.0;15.9;76.4;6.0;17.0;134.53;3-5-1-1;70.56;05
799;L;2022-05-15;Home;38.0;25.0;4-3-1-2;2.0;19.6;76.9;9.0;12.0;134.53;;;05
800;D;2022-05-22;Away;56.0;25.0;3-5-2;7.0;17.0;78.3;6.0;19.0;134.53;3-5-2;80.98;05
801;W;2021-08-13;Home;51.0;26.1;3-5-2;8.0;;;12.0;14.0;121.28;;;08
802;L;2021-08-21;Away;40.0;26.1;3-4-1-2;4.0;20.7;84.5;15.0;7.0;121.28;;;08
803;L;2021-08-29;Home;39.0;26.1;3-5-2;3.0;15.2;76.1;19.0;17.0;121.28;4-3-3;477.23;08
804;W;2021-09-12;Away;48.0;26.1;3-5-2;3.0;18.2;80.7;6.0;15.0;121.28;3-5-2;134.53;09
805;L;2021-09-18;Home;36.0;26.1;4-2-3-1;2.0;25.8;78.5;12.0;13.0;121.28;4-3-3;325.8;09
806;D;2021-09-21;Away;40.0;26.1;4-2-3-1;5.0;19.9;73.5;7.0;15.0;121.28;4-2-3-1;186.2;09
807;D;2021-09-25;Home;49.0;26.1;4-2-3-1;2.0;22.7;74.1;14.0;13.0;121.28;;;09
808;L;2021-10-02;Away;51.0;26.1;3-5-2;3.0;17.1;77.0;11.0;17.0;121.28;4-1-2-1-2◆;70.56;10
809;D;2021-10-17;Home;43.0;26.1;3-5-2;4.0;15.3;72.7;11.0;11.0;121.28;4-2-3-1;251.0;10
810;L;2021-10-22;Away;42.0;26.1;4-4-1-1;4.0;17.0;63.6;7.0;19.0;121.28;3-4-3;223.4;10
811;D;2021-10-26;Away;52.0;26.1;4-1-4-1;1.0;21.7;72.8;10.0;16.0;121.28;4-2-3-1;78.5;10
812;D;2021-10-31;Home;63.0;26.1;4-3-1-2;4.0;22.0;74.3;9.0;14.0;121.28;4-3-3;80.98;10
813;D;2021-11-05;Away;47.0;26.1;3-4-1-2;6.0;19.4;72.9;20.0;21.0;121.28;4-3-1-2;126.5;11
814;L;2021-11-21;Home;41.0;26.1;3-5-2;1.0;16.0;81.7;13.0;13.0;121.28;3-1-4-2;381.25;11
815;D;2021-11-28;Away;56.0;26.1;3-5-2;2.0;23.2;80.5;8.0;11.0;121.28;3-4-3;142.3;11
816;L;2021-12-01;Home;42.0;26.1;3-5-2;3.0;23.4;82.3;16.0;11.0;121.28;4-2-3-1;546.95;12
817;L;2021-12-05;Away;30.0;26.1;3-5-2;0.0;;72.6;9.0;7.0;121.28;4-2-3-1;642.5;12
818;L;2021-12-10;Home;53.0;26.1;3-5-2;2.0;16.6;72.5;14.0;15.0;121.28;4-4-2;128.55;12
819;W;2021-12-14;Home;56.0;26.1;3-5-2;5.0;;;9.0;14.0;121.28;5-3-2;70.56;12
820;L;2021-12-17;Away;45.0;26.1;3-5-2;2.0;18.3;83.8;15.0;8.0;121.28;4-3-3;264.48;12
821;D;2021-12-21;Home;33.0;26.1;3-5-2;0.0;17.4;56.6;19.0;13.0;121.28;3-4-3;398.75;12
822;D;2022-01-06;Away;26.0;26.1;3-5-2;1.0;14.2;67.3;20.0;11.0;121.28;4-2-3-1;251.0;01
823;L;2022-01-09;Home;53.0;26.1;3-5-2;2.0;17.3;79.1;6.0;17.0;121.28;4-3-3;78.5;01
824;L;2022-01-13;Away;39.0;26.1;4-3-3;4.0;;;17.0;21.0;121.28;4-2-3-1;546.95;01
825;L;2022-01-17;Away;27.0;26.1;4-3-1-2;0.0;32.2;74.1;14.0;11.0;121.28;4-3-3;325.8;01
826;D;2022-01-22;Home;51.0;26.1;4-3-3;3.0;13.5;57.3;7.0;27.0;121.28;3-5-2;142.3;01
827;D;2022-02-05;Away;38.0;26.1;4-2-3-1;3.0;15.6;56.0;11.0;23.0;121.28;3-4-1-2;381.25;02
828;D;2022-02-13;Home;51.0;26.1;4-2-3-1;5.0;18.0;67.2;9.0;18.0;121.28;4-3-2-1;70.56;02
829;D;2022-02-20;Away;53.0;26.1;4-3-1-2;2.0;15.1;63.9;9.0;16.0;121.28;3-4-3;80.98;02
830;D;2022-02-25;Home;28.0;26.1;4-2-3-1;1.0;15.1;53.6;17.0;11.0;121.28;;;02
831;D;2022-03-06;Home;52.0;26.1;4-2-3-1;6.0;15.9;68.9;10.0;15.0;121.28;4-3-2-1;126.5;03
832;D;2022-03-13;Away;42.0;26.1;4-2-3-1;3.0;23.6;64.1;21.0;18.0;121.28;3-4-1-2;398.75;03
833;W;2022-03-18;Home;26.0;26.1;4-2-3-1;2.0;22.1;57.8;3.0;13.0;121.28;3-4-3;223.4;03
834;L;2022-04-04;Away;52.0;26.1;4-2-3-1;4.0;17.9;60.1;12.0;15.0;121.28;;;04
835;L;2022-04-10;Home;43.0;26.1;4-2-3-1;4.0;19.0;76.3;11.0;7.0;121.28;4-3-2-1;264.48;04
836;L;2022-04-15;Away;41.0;26.1;4-3-2-1;1.0;22.4;72.1;3.0;19.0;121.28;4-3-3;546.95;04
837;W;2022-04-24;Home;55.0;26.1;4-2-3-1;2.0;17.5;56.9;6.0;21.0;121.28;3-5-2;134.53;04
838;L;2022-04-30;Away;51.0;26.1;4-2-3-1;3.0;16.6;65.1;12.0;23.0;121.28;4-1-4-1;128.55;04
839;W;2022-05-06;Home;46.0;26.1;4-2-3-1;5.0;17.6;78.0;12.0;13.0;121.28;4-3-3;642.5;05
840;L;2022-05-15;Away;34.0;26.1;4-2-3-1;3.0;22.0;75.9;14.0;15.0;121.28;4-2-3-1;477.23;05
841;L;2022-05-21;Home;50.0;26.1;4-2-3-1;5.0;20.5;71.9;17.0;17.0;121.28;3-5-2;186.2;05
842;D;2021-08-15;Home;60.0;24.7;4-3-3;3.0;;;13.0;14.0;80.98;;;08
843;L;2021-08-22;Away;44.0;24.7;4-3-3;4.0;17.1;87.1;10.0;22.0;80.98;4-3-3;477.23;08
844;L;2021-08-27;Away;55.0;24.7;4-3-3;3.0;17.2;82.5;9.0;8.0;80.98;3-5-1-1;142.3;08
845;W;2021-09-11;Away;32.0;24.7;4-3-3;3.0;15.9;70.9;7.0;21.0;80.98;4-1-3-2;126.5;09
846;L;2021-09-19;Home;45.0;24.7;4-4-2;3.0;19.0;75.0;11.0;13.0;80.98;4-2-3-1;78.5;09
847;L;2021-09-22;Away;34.0;24.7;4-3-3;2.0;21.0;74.0;17.0;13.0;80.98;4-2-3-1;546.95;09
848;D;2021-09-27;Home;44.0;24.7;4-4-2;0.0;17.7;72.5;5.0;9.0;80.98;3-4-3;223.4;09
849;D;2021-10-01;Away;58.0;24.7;4-4-2;4.0;18.3;80.7;9.0;19.0;80.98;3-5-2;134.53;10
850;W;2021-10-18;Home;39.0;24.7;4-3-2-1;2.0;14.1;73.6;9.0;17.0;80.98;4-3-3;325.8;10
851;L;2021-10-23;Away;37.0;24.7;4-4-2;2.0;17.1;78.4;5.0;15.0;80.98;4-2-3-1;251.0;10
852;L;2021-10-26;Home;45.0;24.7;4-3-3;4.0;18.3;79.1;10.0;17.0;80.98;4-3-3;70.56;10
853;D;2021-10-31;Away;37.0;24.7;4-3-3;2.0;13.7;71.3;9.0;13.0;80.98;4-3-1-2;121.28;10
854;W;2021-11-07;Home;39.0;24.7;4-3-3;6.0;16.4;75.9;10.0;12.0;80.98;3-4-1-2;381.25;11
855;W;2021-11-21;Away;33.0;24.7;4-3-1-2;6.0;20.1;79.2;16.0;9.0;80.98;3-4-3;186.2;11
856;L;2021-11-27;Home;44.0;24.7;4-3-2-1;1.0;25.4;82.8;9.0;9.0;80.98;;;11
857;L;2021-11-30;Away;42.0;24.7;4-3-1-2;4.0;22.0;79.5;10.0;9.0;80.98;3-4-3;398.75;11
858;L;2021-12-05;Home;44.0;24.7;4-3-3;5.0;17.1;71.0;15.0;13.0;80.98;;;12
859;D;2021-12-11;Home;40.0;24.7;4-3-1-2;4.0;23.4;75.1;16.0;20.0;80.98;4-2-3-1;642.5;12
860;W;2021-12-14;Home;56.0;24.7;4-3-2-1;11.0;;;12.0;18.0;80.98;;;12
861;D;2021-12-19;Away;51.0;24.7;4-3-3;1.0;15.4;73.3;11.0;17.0;80.98;4-3-1-2;128.55;12
862;L;2021-12-22;Home;47.0;24.7;4-3-2-1;2.0;13.0;85.5;14.0;11.0;80.98;4-3-3;264.48;12
863;L;2022-01-09;Home;39.0;24.7;4-3-2-1;3.0;21.2;79.1;5.0;11.0;80.98;4-2-3-1;546.95;01
864;L;2022-01-12;Away;46.0;24.7;3-4-3;2.0;;;15.0;22.0;80.98;3-4-3;398.75;01
865;D;2022-01-16;Home;50.0;24.7;4-3-2-1;3.0;18.2;76.2;5.0;13.0;80.98;4-3-2-1;126.5;01
866;L;2022-01-22;Away;30.0;24.7;3-5-2;3.0;17.7;72.3;14.0;9.0;80.98;;;01
867;L;2022-02-06;Home;34.0;24.7;4-3-3;3.0;18.8;77.1;17.0;12.0;80.98;4-2-3-1;477.23;02
868;W;2022-02-12;Away;34.0;24.7;4-3-1-2;2.0;15.4;52.8;8.0;12.0;80.98;3-4-3;223.4;02
869;D;2022-02-20;Home;47.0;24.7;3-4-3;4.0;22.4;57.2;12.0;14.0;80.98;4-3-1-2;121.28;02
870;L;2022-02-27;Away;44.0;24.7;3-4-1-2;3.0;11.8;62.4;15.0;10.0;80.98;;;02
871;L;2022-03-06;Home;45.0;24.7;4-3-1-2;4.0;15.2;77.9;9.0;18.0;80.98;4-2-3-1;251.0;03
872;L;2022-03-14;Away;34.0;24.7;4-3-2-1;2.0;22.1;80.7;10.0;13.0;80.98;4-3-3;264.48;03
873;L;2022-03-20;Home;46.0;24.7;4-2-3-1;1.0;13.0;72.7;9.0;28.0;80.98;4-3-1-2;128.55;03
874;L;2022-04-02;Away;48.0;24.7;4-3-3;3.0;22.0;74.0;10.0;12.0;80.98;4-3-3;78.5;04
875;L;2022-04-10;Home;52.0;24.7;4-3-2-1;4.0;14.4;74.9;7.0;15.0;80.98;3-5-2;142.3;04
876;L;2022-04-16;Away;31.0;24.7;4-3-3;1.0;19.9;70.7;12.0;17.0;80.98;4-3-3;325.8;04
877;L;2022-04-23;Home;40.0;24.7;4-3-3;2.0;17.3;76.3;14.0;12.0;80.98;3-4-1-2;398.75;04
878;L;2022-05-01;Away;50.0;24.7;3-4-3;3.0;21.0;80.8;5.0;12.0;80.98;3-5-2;642.5;05
879;L;2022-05-05;Away;58.0;24.7;3-4-3;4.0;15.0;74.9;8.0;17.0;80.98;3-5-2;70.56;05
880;W;2022-05-08;Home;40.0;24.7;3-4-3;7.0;19.3;74.8;9.0;10.0;80.98;3-5-2;186.2;05
881;D;2022-05-14;Away;31.0;24.7;5-3-2;2.0;25.7;69.3;14.0;14.0;80.98;3-4-1-2;381.25;05
882;D;2022-05-22;Home;44.0;24.7;3-5-2;1.0;19.8;72.2;3.0;6.0;80.98;3-5-2;134.53;05
